entity_id,entity_type,canonical_name,original_name,source_doc_id,method,confidence,evidence
E0001,CoQuan,Quốc hội,Quốc hội,166170,gemini,1.0,Quốc hội ban hành Luật Các tổ chức tín dụng.
E0002,DoiTuongApDung,Tổ chức tín dụng,Tổ chức tín dụng,166170,gemini,1.0,1. Tổ chức tín dụng.
E0003,DoiTuongApDung,Chi nhánh ngân hàng nước ngoài,Chi nhánh ngân hàng nước ngoài,166170,gemini,1.0,2. Chi nhánh ngân hàng nước ngoài.
E0004,DoiTuongApDung,"Văn phòng đại diện tại Việt Nam của tổ chức tín dụng nước ngoài, tổ chức nước ngoài khác có hoạt động ngân hàng","Văn phòng đại diện tại Việt Nam của tổ chức tín dụng nước ngoài, tổ chức nước ngoài khác có hoạt động ngân hàng",166170,gemini,1.0,"3. Văn phòng đại diện tại Việt Nam của tổ chức tín dụng nước ngoài, tổ chức nước ngoài khác có hoạt động ngân hàng (sau đây gọi là văn phòng đại diện nước ngoài)."
E0005,DoiTuongApDung,"Tổ chức mà Nhà nước sở hữu 100% vốn điều lệ có chức năng mua, bán, xử lý nợ","Tổ chức mà Nhà nước sở hữu 100% vốn điều lệ có chức năng mua, bán, xử lý nợ",166170,gemini,1.0,"4. Tổ chức mà Nhà nước sở hữu 100% vốn điều lệ có chức năng mua, bán, xử lý nợ (sau đây gọi là tổ chức mua bán, xử lý nợ)."
E0006,DoiTuongApDung,"Cơ quan, tổ chức, cá nhân có liên quan đến việc thành lập, tổ chức, hoạt động, can thiệp sớm, kiểm soát đặc biệt, tổ chức lại, giải thể, phá sản tổ chức tín dụng; việc thành lập, tổ chức, hoạt động, can thiệp sớm, giải thể, chấm dứt hoạt động của chi nhánh ngân hàng nước ngoài; việc thành lập, hoạt động của văn phòng đại diện nước ngoài; việc xử lý nợ xấu, tài sản bảo đảm của khoản nợ xấu của tổ chức tín dụng, chi nhánh ngân hàng nước ngoài, tổ chức mua bán, xử lý nợ","Cơ quan, tổ chức, cá nhân có liên quan đến việc thành lập, tổ chức, hoạt động, can thiệp sớm, kiểm soát đặc biệt, tổ chức lại, giải thể, phá sản tổ chức tín dụng; việc thành lập, tổ chức, hoạt động, can thiệp sớm, giải thể, chấm dứt hoạt động của chi nhánh ngân hàng nước ngoài; việc thành lập, hoạt động của văn phòng đại diện nước ngoài; việc xử lý nợ xấu, tài sản bảo đảm của khoản nợ xấu của tổ chức tín dụng, chi nhánh ngân hàng nước ngoài, tổ chức mua bán, xử lý nợ",166170,gemini,1.0,"5. Cơ quan, tổ chức, cá nhân có liên quan đến việc thành lập, tổ chức, hoạt động, can thiệp sớm, kiểm soát đặc biệt, tổ chức lại, giải thể, phá sản tổ chức tín dụng; việc thành lập, tổ chức, hoạt động, can thiệp sớm, giải thể, chấm dứt hoạt động của chi nhánh ngân hàng nước ngoài; việc thành lập, hoạt động của văn phòng đại diện nước ngoài; việc xử lý nợ xấu, tài sản bảo đảm của khoản nợ xấu của tổ chức tín dụng, chi nhánh ngân hàng nước ngoài, tổ chức mua bán, xử lý nợ."
E0007,CoQuan,Chính phủ,Chính phủ,112025,gemini,1.0,CHÍNH PHỦ CỘNG HÒA XÃ HỘI CHỦ NGHĨA VIỆT NAM
E0008,DoiTuongApDung,Chi nhánh nước ngoài,Chi nhánh nước ngoài,112025,gemini,1.0,b) Chi nhánh nước ngoài;
E0009,DoiTuongApDung,Doanh nghiệp bảo hiểm,Doanh nghiệp bảo hiểm,112025,gemini,1.0,Nghị định này áp dụng đối với: a) Doanh nghiệp bảo hiểm;
E0010,DoiTuongApDung,"Doanh nghiệp môi giới bảo hiểm, đại lý bảo hiểm","Doanh nghiệp môi giới bảo hiểm, đại lý bảo hiểm",112025,gemini,1.0,"c) Doanh nghiệp môi giới bảo hiểm, đại lý bảo hiểm;"
E0011,DoiTuongApDung,"Các tổ chức, cá nhân khác có liên quan","Các tổ chức, cá nhân khác có liên quan",112025,gemini,1.0,"d) Các tổ chức, cá nhân khác có liên quan."
E0012,CoQuan,Ngân hàng Nhà nước Việt Nam,Ngân hàng Nhà nước Việt Nam,38128,gemini,1.0,NGÂN HÀNG NHÀ NƯỚC VIỆT NAM
E0013,LinhVuc,Kinh doanh bảo hiểm,Kinh doanh bảo hiểm,112025,gemini,1.0,"NGHỊ ĐỊNH QUY ĐỊNH CHI TIẾT THI HÀNH LUẬT KINH DOANH BẢO HIỂM VÀ LUẬT SỬA ĐỔI, BỔ SUNG MỘT SỐ ĐIỀU CỦA LUẬT KINH DOANH BẢO HIỂM"
E0014,DoiTuongApDung,"Tổ chức, cá nhân khác có liên quan đến công việc thiết kế mẫu tiền, chế tạo bản in, khuôn đúc và in, đúc tiền","Tổ chức, cá nhân khác có liên quan đến công việc thiết kế mẫu tiền, chế tạo bản in, khuôn đúc và in, đúc tiền",38128,gemini,1.0,"3. Tổ chức, cá nhân khác có liên quan đến công việc thiết kế mẫu tiền, chế tạo bản in, khuôn đúc và in, đúc tiền."
E0015,DoiTuongApDung,Nhà máy in tiền Quốc gia,Nhà máy in tiền Quốc gia,38128,gemini,1.0,2. Nhà máy in tiền Quốc gia.
E0016,DoiTuongApDung,Các đơn vị có liên quan thuộc Ngân hàng Nhà nước,Các đơn vị có liên quan thuộc Ngân hàng Nhà nước,38128,gemini,1.0,1. Các đơn vị có liên quan thuộc Ngân hàng Nhà nước.
E0017,LinhVuc,Ngân hàng,Ngân hàng,166170,gemini,0.9,tổ chức nước ngoài khác có hoạt động ngân hàng
E0018,LinhVuc,Tín dụng,Tín dụng,166170,gemini,0.9,LUẬT CÁC TỔ CHỨC TÍN DỤNG
E0019,NguoiKy,Thống đốc Ngân hàng Nhà nước Việt Nam,Thống đốc Ngân hàng Nhà nước Việt Nam,38128,gemini,0.9,"Thống đốc Ngân hàng Nhà nước Việt Nam ban hành Thông tư quy định việc thiết kế mẫu tiền, chế bản và quản lý in, đúc tiền Việt Nam."
E0020,LinhVuc,Phát hành tiền,Phát hành tiền,38128,gemini,0.9,Căn cứ Nghị định số 40/2012/NĐ-CP ngày 02/5/2012 của Chính phủ về nghiệp vụ phát hành tiền
E0021,LinhVuc,"Thiết kế mẫu tiền, chế bản và quản lý in, đúc tiền","Thiết kế mẫu tiền, chế bản và quản lý in, đúc tiền",38128,gemini,0.9,"THÔNG TƯ Q uy định việc thiết kế mẫu tiền, chế bản và quản lý in, đúc tiền Việt Nam"
