source,target,relationship_type,method,confidence,evidence
32/2024/QH15,17/2017/QH14,SUA_DOI_BO_SUNG,rule,1.0,"sửa đổi, bổ sung một số điều theo Luật số 17/2017/QH14 hết hiệu lực kể từ ngày Luật này có hiệu lực thi hành, trừ quy định tại các khoản 1, 2, 3, 4, 8, 9, 12 và 14 Điều 210 của Luật này. Điều 210. Quy định chuyển tiếp 1. Tổ chức tín dụng, chi nhánh n"
32/2024/QH15,17/2017/QH14,THAM_CHIEU,rule,1.0,"Luật số 17/2017/QH14 hết hiệu lực kể từ ngày Luật này có hiệu lực thi hành, trừ quy định tại các khoản 1, 2, 3, 4, 8, 9, 12 và 14 Điều 210 của Luật này. Điều 210. Quy định chuyển tiếp 1. Tổ chức tín dụng, chi nhánh ngân hàng nước ngoài, văn phòng đại"
73/2016/NĐ-CP,45/2007/NĐ-CP,THAM_CHIEU,rule,1.0,Nghị định số 45/2007/NĐ-CP ngày 27 tháng 3 năm 2007 của Chính phủ quy định chi tiết thi hành một số điều của Luật kinh doanh bảo hiểm; Nghị định số 123/2011/NĐ-CP ngày 28 tháng 12 năm 2011 của Chính phủ quy định chi tiết thi hành một số điều của Luật
73/2016/NĐ-CP,123/2011/NĐ-CP,THAM_CHIEU,rule,1.0,Nghị định số 45/2007/NĐ-CP ngày 27 tháng 3 năm 2007 của Chính phủ quy định chi tiết thi hành một số điều của Luật kinh doanh bảo hiểm; Nghị định số 123/2011/NĐ-CP ngày 28 tháng 12 năm 2011 của Chính phủ quy định chi tiết thi hành một số điều của Luật
73/2016/NĐ-CP,45/2007/NĐ-CP,SUA_DOI_BO_SUNG,rule,1.0,"sửa đổi, bổ sung một số điều của Luật kinh doanh bảo hiểm và sửa đổi, bổ sung một số điều của Nghị định số 45/2007/NĐ-CP ngày 27 tháng 3 năm 2007 của Chính phủ quy định chi tiết thi hành một số điều của Luật kinh doanh bảo hiểm; Nghị định số 68/2014/"
73/2016/NĐ-CP,68/2014/NĐ-CP,SUA_DOI_BO_SUNG,rule,1.0,"sửa đổi, bổ sung một số điều của Nghị định số 45/2007/NĐ-CP ngày 27 tháng 3 năm 2007 của Chính phủ quy định chi tiết thi hành một số điều của Luật kinh doanh bảo hiểm; Nghị định số 68/2014/NĐ-CP ngày 09 tháng 7 năm 2014 của Chính phủ sửa đổi, bổ sung"
73/2016/NĐ-CP,68/2014/NĐ-CP,THAM_CHIEU,rule,1.0,"Nghị định số 45/2007/NĐ-CP ngày 27 tháng 3 năm 2007 của Chính phủ quy định chi tiết thi hành một số điều của Luật kinh doanh bảo hiểm; Nghị định số 68/2014/NĐ-CP ngày 09 tháng 7 năm 2014 của Chính phủ sửa đổi, bổ sung một số điều của Nghị định số 45/"
73/2016/NĐ-CP,46/2007/NĐ-CP,SUA_DOI_BO_SUNG,rule,1.0,"sửa đổi, bổ sung một số điều của Nghị định số 45/2007/NĐ-CP ngày 27 tháng 3 năm 2007 của Chính phủ quy định chi tiết thi hành một số điều của Luật kinh doanh bảo hiểm và Nghị định số 46/2007/NĐ-CP ngày 27 tháng 3 năm 2007 của Chính phủ quy định chế đ"
73/2016/NĐ-CP,46/2007/NĐ-CP,THAM_CHIEU,rule,1.0,Nghị định số 45/2007/NĐ-CP ngày 27 tháng 3 năm 2007 của Chính phủ quy định chi tiết thi hành một số điều của Luật kinh doanh bảo hiểm và Nghị định số 46/2007/NĐ-CP ngày 27 tháng 3 năm 2007 của Chính phủ quy định chế độ tài chính đối với doanh nghiệp
37/2014/TT-NHNN,46/2010/QH12,THAM_CHIEU,rule,1.0,"Căn cứ Luật Ngân hàng Nhà nước Việt Nam số 46/2010/QH12 ; Căn cứ Nghị định số 156/2013/NĐ-CP ngày 11/11/2013 của Chính phủ quy định chức năng, nhiệm vụ, quyền hạn và cơ cấu tổ chức của Ngân hàng Nhà nước Việt Nam; Căn cứ Nghị định số 40/2012/NĐ-CP ng"
37/2014/TT-NHNN,156/2013/NĐ-CP,THAM_CHIEU,rule,1.0,"Căn cứ Luật Ngân hàng Nhà nước Việt Nam số 46/2010/QH12 ; Căn cứ Nghị định số 156/2013/NĐ-CP ngày 11/11/2013 của Chính phủ quy định chức năng, nhiệm vụ, quyền hạn và cơ cấu tổ chức của Ngân hàng Nhà nước Việt Nam; Căn cứ Nghị định số 40/2012/NĐ-CP ng"
37/2014/TT-NHNN,11/11/2013,THAM_CHIEU,rule,1.0,"Căn cứ Luật Ngân hàng Nhà nước Việt Nam số 46/2010/QH12 ; Căn cứ Nghị định số 156/2013/NĐ-CP ngày 11/11/2013 của Chính phủ quy định chức năng, nhiệm vụ, quyền hạn và cơ cấu tổ chức của Ngân hàng Nhà nước Việt Nam; Căn cứ Nghị định số 40/2012/NĐ-CP ng"
37/2014/TT-NHNN,40/2012/NĐ-CP,THAM_CHIEU,rule,1.0,"Căn cứ Luật Ngân hàng Nhà nước Việt Nam số 46/2010/QH12 ; Căn cứ Nghị định số 156/2013/NĐ-CP ngày 11/11/2013 của Chính phủ quy định chức năng, nhiệm vụ, quyền hạn và cơ cấu tổ chức của Ngân hàng Nhà nước Việt Nam; Căn cứ Nghị định số 40/2012/NĐ-CP ng"
37/2014/TT-NHNN,02/5/2012,THAM_CHIEU,rule,1.0,"Căn cứ Nghị định số 156/2013/NĐ-CP ngày 11/11/2013 của Chính phủ quy định chức năng, nhiệm vụ, quyền hạn và cơ cấu tổ chức của Ngân hàng Nhà nước Việt Nam; Căn cứ Nghị định số 40/2012/NĐ-CP ngày 02/5/2012 của Chính phủ về nghiệp vụ phát hành tiền; bả"
37/2014/TT-NHNN,23/2009/TT-NHNN,THAM_CHIEU,rule,1.0,"Thông tư số 23/2009/TT-NHNN ngày 02/12/2009 quy định việc thiết kế mẫu, chế bản và quản lý in, đúc tiền Việt Nam. Điều 22. Trách nhiệm tổ chức thực hiện Chánh Văn phòng, Cục trưởng Cục Phát hành và Kho quỹ, Vụ trưởng Vụ Kiểm toán nội bộ, Thủ trưởng c"
37/2014/TT-NHNN,02/12/2009,THAM_CHIEU,rule,1.0,"Thông tư số 23/2009/TT-NHNN ngày 02/12/2009 quy định việc thiết kế mẫu, chế bản và quản lý in, đúc tiền Việt Nam. Điều 22. Trách nhiệm tổ chức thực hiện Chánh Văn phòng, Cục trưởng Cục Phát hành và Kho quỹ, Vụ trưởng Vụ Kiểm toán nội bộ, Thủ trưởng c"
67/2011/QH12,51/2001/QH10,THAM_CHIEU,rule,1.0,"Căn cứ Hiến pháp nước Cộng hòa xã hội chủ nghĩa Việt Nam năm 1992 đã được sửa đổi, bổ sung một số điều theo Nghị quyết số 51/2001/QH10; Quốc hội ban hành Luật Kiểm toán độc lập, Chương I NHỮNG QUY ĐỊNH CHUNG Điều 1. Phạm vi điều chỉnh Luật này quy đị"
67/2011/QH12,51/2001/QH10,SUA_DOI_BO_SUNG,rule,1.0,"sửa đổi, bổ sung một số điều theo Nghị quyết số 51/2001/QH10; Quốc hội ban hành Luật Kiểm toán độc lập, Chương I NHỮNG QUY ĐỊNH CHUNG Điều 1. Phạm vi điều chỉnh Luật này quy định nguyên tắc, điều kiện, phạm vi, hình thức hoạt động kiểm toán độc lập;"
46/2023/NĐ-CP,47/2020/NĐ-CP,THAM_CHIEU,rule,1.0,"Nghị định số 47/2020/NĐ-CP ngày 09 tháng 4 năm 2020 của Chính phủ về quản lý, kết nối và chia sẻ dữ liệu số trong cơ quan nhà nước và pháp luật chuyên ngành. Chương II DOANH NGHIỆP BẢO HIỂM, DOANH NGHIỆP TÁI BẢO HIỂM, CHI NHÁNH NƯỚC NGOÀI TẠI VIỆT NA"
46/2023/NĐ-CP,73/2016/NĐ-CP,THAM_CHIEU,rule,1.0,"Nghị định số 73/2016/NĐ-CP; từ ngày 01 tháng 01 năm 2028, vốn điều lệ, vốn chủ sở hữu không thấp hơn vốn điều lệ tối thiểu theo quy định tại Điều 35 Nghị định này; b) Đối với các doanh nghiệp bảo hiểm, doanh nghiệp tái bảo hiểm đã được cấp phép kể từ"
73/2016/NĐ-CP,46/2023/NĐ-CP,THAY_THE_BOI,rule,1.0,"thay thế các văn bản sau: a) Nghị định số 73/2016/NĐ-CP ngày 01 tháng 7 năm 2016 của Chính phủ quy định chi tiết thi hành Luật Kinh doanh bảo hiểm và Luật sửa đổi, bổ sung một số điều của Luật Kinh doanh bảo hiểm, trừ các Điều 10, 61, 62, 63, 64, 65,"
46/2023/NĐ-CP,73/2016/NĐ-CP,SUA_DOI_BO_SUNG,rule,1.0,"sửa đổi, bổ sung một số điều của Luật Kinh doanh bảo hiểm, trừ các Điều 10, 61, 62, 63, 64, 65, 66, 67. Các Điều 10, 61, 62, 63, 64, 65, 66, 67 của Nghị định số 73/2016/NĐ-CP có hiệu lực đến hết ngày 31 tháng 12 năm 2027; b) Chương III Nghị định số 1"
46/2023/NĐ-CP,151/2018/NĐ-CP,THAM_CHIEU,rule,1.0,"Nghị định số 73/2016/NĐ-CP có hiệu lực đến hết ngày 31 tháng 12 năm 2027; b) Chương III Nghị định số 151/2018/NĐ-CP ngày 07 tháng 11 năm 2018 của Chính phủ sửa đổi, bổ sung một số Nghị định quy định về điều kiện đầu tư, kinh doanh thuộc phạm vi quản"
46/2023/NĐ-CP,80/2019/NĐ-CP,THAM_CHIEU,rule,1.0,"Nghị định số 151/2018/NĐ-CP ngày 07 tháng 11 năm 2018 của Chính phủ sửa đổi, bổ sung một số Nghị định quy định về điều kiện đầu tư, kinh doanh thuộc phạm vi quản lý nhà nước của Bộ Tài chính; c) Điều 1 Nghị định số 80/2019/NĐ-CP ngày 01 tháng 11 năm"
46/2023/NĐ-CP,80/2019/NĐ-CP,SUA_DOI_BO_SUNG,rule,1.0,"sửa đổi, bổ sung một số Nghị định quy định về điều kiện đầu tư, kinh doanh thuộc phạm vi quản lý nhà nước của Bộ Tài chính; c) Điều 1 Nghị định số 80/2019/NĐ-CP ngày 01 tháng 11 năm 2019 của Chính phủ sửa đổi, bổ sung một số điều của Nghị định số 73/"
46/2023/NĐ-CP,98/2013/NĐ-CP,SUA_DOI_BO_SUNG,rule,1.0,"sửa đổi, bổ sung một số điều của Nghị định số 73/2016/NĐ-CP ngày 01 tháng 7 năm 2016 của Chính phủ quy định chi tiết thi hành Luật Kinh doanh bảo hiểm và Luật sửa đổi, bổ sung một số điều của Luật Kinh doanh bảo hiểm, Nghị định số 98/2013/NĐ-CP ngày"
46/2023/NĐ-CP,98/2013/NĐ-CP,THAM_CHIEU,rule,1.0,"Nghị định số 73/2016/NĐ-CP ngày 01 tháng 7 năm 2016 của Chính phủ quy định chi tiết thi hành Luật Kinh doanh bảo hiểm và Luật sửa đổi, bổ sung một số điều của Luật Kinh doanh bảo hiểm, Nghị định số 98/2013/NĐ-CP ngày 28 tháng 8 năm 2013 của Chính phủ"
46/2023/NĐ-CP,48/2018/NĐ-CP,THAM_CHIEU,rule,1.0,"Nghị định số 98/2013/NĐ-CP ngày 28 tháng 8 năm 2013 của Chính phủ quy định về xử phạt vi phạm hành chính trong lĩnh vực kinh doanh bảo hiểm, kinh doanh xổ số đã được sửa đổi, bổ sung một số điều theo Nghị định số 48/2018/NĐ-CP ngày 21 tháng 3 năm 201"
46/2023/NĐ-CP,48/2018/NĐ-CP,SUA_DOI_BO_SUNG,rule,1.0,"sửa đổi, bổ sung một số điều theo Nghị định số 48/2018/NĐ-CP ngày 21 tháng 3 năm 2018 của Chính phủ. Điều 123. Trách nhiệm thi hành Các Bộ trưởng, Thủ trưởng cơ quan ngang bộ, Thủ trưởng cơ quan thuộc Chính phủ, Chủ tịch Ủy ban nhân dân các tỉnh, thà"
46/2023/NĐ-CP,08/2022/QH15,THAM_CHIEU,rule,1.0,Căn cứ Luật Kinh doanh bảo hiểm số 08/2022/QH15 ngày 16/6/2022 và các văn bản hướng dẫn thi hành; Chúng tôi (sau đây gọi là chủ đầu tư) đề nghị Bộ Tài chính cấp Giấy phép thành lập và hoạt động cho (tên doanh nghiệp bảo hiểm/chi nhánh nước ngoài tại
46/2023/NĐ-CP,16/6/2022,THAM_CHIEU,rule,1.0,Căn cứ Luật Kinh doanh bảo hiểm số 08/2022/QH15 ngày 16/6/2022 và các văn bản hướng dẫn thi hành; Chúng tôi (sau đây gọi là chủ đầu tư) đề nghị Bộ Tài chính cấp Giấy phép thành lập và hoạt động cho (tên doanh nghiệp bảo hiểm/chi nhánh nước ngoài tại
46/2023/NĐ-CP,14/2023/NĐ-CP,THAM_CHIEU,rule,1.0,"Căn cứ Luật Kinh doanh bảo hiểm số 08/2022/QH15 ngày 16/6/2022; Căn cứ Nghị định số 14/2023/NĐ-CP ngày 20/4/2023 của Chính phủ quy định chức năng, nhiệm vụ, quyền hạn và cơ cấu tổ chức của Bộ Tài chính; Căn cứ Nghị định số 46/2023/NĐ-CP ngày 01/7/202"
46/2023/NĐ-CP,20/4/2023,THAM_CHIEU,rule,1.0,"Căn cứ Luật Kinh doanh bảo hiểm số 08/2022/QH15 ngày 16/6/2022; Căn cứ Nghị định số 14/2023/NĐ-CP ngày 20/4/2023 của Chính phủ quy định chức năng, nhiệm vụ, quyền hạn và cơ cấu tổ chức của Bộ Tài chính; Căn cứ Nghị định số 46/2023/NĐ-CP ngày 01/7/202"
46/2023/NĐ-CP,01/7/202,THAM_CHIEU,rule,1.0,"Căn cứ Luật Kinh doanh bảo hiểm số 08/2022/QH15 ngày 16/6/2022; Căn cứ Nghị định số 14/2023/NĐ-CP ngày 20/4/2023 của Chính phủ quy định chức năng, nhiệm vụ, quyền hạn và cơ cấu tổ chức của Bộ Tài chính; Căn cứ Nghị định số 46/2023/NĐ-CP ngày 01/7/202"
46/2023/NĐ-CP,01/7/2023,THAM_CHIEU,rule,1.0,"Căn cứ Nghị định số 14/2023/NĐ-CP ngày 20/4/2023 của Chính phủ quy định chức năng, nhiệm vụ, quyền hạn và cơ cấu tổ chức của Bộ Tài chính; Căn cứ Nghị định số 46/2023/NĐ-CP ngày 01/7/2023 của Chính phủ quy định chi tiết thi hành một số điều của Luật"
46/2023/NĐ-CP,16/2022/QH15,THAM_CHIEU,rule,1.0,"Căn cứ Luật Kinh doanh bảo hiểm số 16/2022/QH15 ngày 16/6/2022; Căn cứ Nghị định số 14/2023/NĐ-CP ngày 20/4/2023 của Chính phủ quy định chức năng, nhiệm vụ, quyền hạn và cơ cấu tổ chức của Bộ Tài chính; Căn cứ Nghị định 46/2023/NĐ-CP ngày 01/7/2023 c"
156/2020/NĐ-CP,108/2013/NĐ-CP,THAM_CHIEU,rule,1.0,"Nghị định số 108/2013/NĐ-CP ngày 23 tháng 9 năm 2013 của Chính phủ quy định xử phạt vi phạm hành chính trong lĩnh vực chứng khoán và thị trường chứng khoán và Nghị định số 145/2016/NĐ-CP ngày 01 tháng 11 năm 2016 của Chính phủ sửa đổi, bổ sung một số"
156/2020/NĐ-CP,145/2016/NĐ-CP,THAM_CHIEU,rule,1.0,"Nghị định số 108/2013/NĐ-CP ngày 23 tháng 9 năm 2013 của Chính phủ quy định xử phạt vi phạm hành chính trong lĩnh vực chứng khoán và thị trường chứng khoán và Nghị định số 145/2016/NĐ-CP ngày 01 tháng 11 năm 2016 của Chính phủ sửa đổi, bổ sung một số"
156/2020/NĐ-CP,108/2013/NĐ-CP,SUA_DOI_BO_SUNG,rule,1.0,"sửa đổi, bổ sung một số điều của Nghị định số 108/2013/NĐ-CP ngày 23 tháng 9 năm 2013 của Chính phủ quy định xử phạt vi phạm hành chính trong lĩnh vực chứng khoán và thị trường chứng khoán hết hiệu lực kể từ ngày Nghị định này có hiệu lực thi hành Đi"
27/2024/TT-NHNN,102/2022/NĐ-CP,THAM_CHIEU,rule,1.0,Căn cứ Luật Ngân hàng Nhà nước Việt Nam ngày 16 tháng 6 năm 2010; Căn cứ Luật Các tổ chức tín dụng ngày 18 tháng 01 năm 2024; Căn cứ Luật Hợp tác xã ngày 20 tháng 6 năm 2023; Căn cứ Nghị định số 102/2022/NĐ-CP ngày 12 tháng 12 năm 2022 của Chính phủ
27/2024/TT-NHNN,31/2012/TT-NHNN,THAM_CHIEU,rule,1.0,"bãi bỏ: a) Thông tư số 31/2012/TT-NHNN ngày 26 tháng 11 năm 2012 của Thống đốc Ngân hàng Nhà nước quy định về ngân hàng hợp tác xã; b) Thông tư số 09/2016/TT-NHNN ngày 17 tháng 6 năm 2016 sửa đổi, bổ sung một số điều của Thông tư số 31/2012/TT-NHNN n"
27/2024/TT-NHNN,09/2016/TT-NHNN,THAM_CHIEU,rule,1.0,"bãi bỏ: a) Thông tư số 31/2012/TT-NHNN ngày 26 tháng 11 năm 2012 của Thống đốc Ngân hàng Nhà nước quy định về ngân hàng hợp tác xã; b) Thông tư số 09/2016/TT-NHNN ngày 17 tháng 6 năm 2016 sửa đổi, bổ sung một số điều của Thông tư số 31/2012/TT-NHNN n"
27/2024/TT-NHNN,26/11/2,THAM_CHIEU,rule,1.0,"Thông tư số 31/2012/TT-NHNN ngày 26 tháng 11 năm 2012 của Thống đốc Ngân hàng Nhà nước quy định về ngân hàng hợp tác xã; b) Thông tư số 09/2016/TT-NHNN ngày 17 tháng 6 năm 2016 sửa đổi, bổ sung một số điều của Thông tư số 31/2012/TT-NHNN ngày 26/11/2"
27/2024/TT-NHNN,26/11/2012,THAM_CHIEU,rule,1.0,"Thông tư số 09/2016/TT-NHNN ngày 17 tháng 6 năm 2016 sửa đổi, bổ sung một số điều của Thông tư số 31/2012/TT-NHNN ngày 26/11/2012 của Thống đốc Ngân hàng Nhà nước quy định về ngân hàng hợp tác xã; c) Thông tư số 03/2014/TT-NHNN ngày 23 tháng 01 năm 2"
27/2024/TT-NHNN,03/2014/TT-NHNN,THAM_CHIEU,rule,1.0,"Thông tư số 09/2016/TT-NHNN ngày 17 tháng 6 năm 2016 sửa đổi, bổ sung một số điều của Thông tư số 31/2012/TT-NHNN ngày 26/11/2012 của Thống đốc Ngân hàng Nhà nước quy định về ngân hàng hợp tác xã; c) Thông tư số 03/2014/TT-NHNN ngày 23 tháng 01 năm 2"
27/2024/TT-NHNN,31/2012/TT-NHNN,SUA_DOI_BO_SUNG,rule,1.0,"sửa đổi, bổ sung một số điều của Thông tư số 31/2012/TT-NHNN ngày 26/11/2012 của Thống đốc Ngân hàng Nhà nước quy định về ngân hàng hợp tác xã; c) Thông tư số 03/2014/TT-NHNN ngày 23 tháng 01 năm 2014 của Thống đốc Ngân hàng Nhà nước quy định về Quỹ"
27/2024/TT-NHNN,26/11/2012,SUA_DOI_BO_SUNG,rule,1.0,"sửa đổi, bổ sung một số điều của Thông tư số 31/2012/TT-NHNN ngày 26/11/2012 của Thống đốc Ngân hàng Nhà nước quy định về ngân hàng hợp tác xã; c) Thông tư số 03/2014/TT-NHNN ngày 23 tháng 01 năm 2014 của Thống đốc Ngân hàng Nhà nước quy định về Quỹ"
27/2024/TT-NHNN,03/2014/TT-NHNN,SUA_DOI_BO_SUNG,rule,1.0,"sửa đổi, bổ sung một số điều của Thông tư số 31/2012/TT-NHNN ngày 26/11/2012 của Thống đốc Ngân hàng Nhà nước quy định về ngân hàng hợp tác xã; c) Thông tư số 03/2014/TT-NHNN ngày 23 tháng 01 năm 2014 của Thống đốc Ngân hàng Nhà nước quy định về Quỹ"
27/2024/TT-NHNN,21/2019/TT-NHNN,THAM_CHIEU,rule,1.0,"Thông tư số 03/2014/TT-NHNN ngày 23 tháng 01 năm 2014 của Thống đốc Ngân hàng Nhà nước quy định về Quỹ đảm bảo an toàn hệ thống quỹ tín dụng nhân dân; d) Điều 1 và Điều 5 Thông tư số 21/2019/TT-NHNN ngày 14 tháng 11 năm 2019 sửa đổi, bổ sung một số đ"
27/2024/TT-NHNN,24/2023/TT-NHNN,THAM_CHIEU,rule,1.0,"Thông tư số 21/2019/TT-NHNN ngày 14 tháng 11 năm 2019 sửa đổi, bổ sung một số điều của các Thông tư quy định về ngân hàng hợp tác xã, quỹ tín dụng nhân dân và quỹ bảo đảm an toàn hệ thống quỹ tín dụng nhân dân; đ) Điều 1 Thông tư số 24/2023/TT-NHNN n"
27/2024/TT-NHNN,24/2023/TT-NHNN,SUA_DOI_BO_SUNG,rule,1.0,"sửa đổi, bổ sung một số điều của các Thông tư quy định về ngân hàng hợp tác xã, quỹ tín dụng nhân dân và quỹ bảo đảm an toàn hệ thống quỹ tín dụng nhân dân; đ) Điều 1 Thông tư số 24/2023/TT-NHNN ngày 30 tháng 12 năm 2023 sửa đổi, bổ sung một số điều"
27/2024/TT-NHNN,21/2023/TT-NHNN,SUA_DOI_BO_SUNG,rule,1.0,"sửa đổi, bổ sung một số điều của các Thông tư liên quan đến việc nộp, xuất trình, cung cấp thông tin, giấy tờ về dân cư khi thực hiện thủ tục hành chính trong lĩnh vực thành lập và hoạt động ngân hàng. đ) Điều 2 Thông tư 21/2023/TT-NHNN sửa đổi, bổ s"
05/2019/NĐ-CP,68/2000/NĐ-CP,THAM_CHIEU,rule,1.0,Nghị định số 68/2000/NĐ-CP ngày 17 tháng 11 năm 2000 của Chính phủ và lao động hợp đồng chuyên môn khác) trong một năm từ 20 tỷ đồng trở lên hoặc sử dụng từ 200 người lao động trở lên phải thực hiện công tác kiểm toán nội bộ. Điều 10. Công tác kiểm t
43/2024/TT-NHNN,01/2014/TT-NHNN,SUA_DOI_BO_SUNG,rule,1.0,"Sửa đổi, bổ sung một số điều của Thông tư số 01/2014/TT-NHNN ngày 10 tháng 12 năm 2014 của Thống đốc Ngân hàng Nhà nước Việt Nam hướng dẫn việc tổ chức thực hiện hoạt động quản lý dự trữ ngoại hối nhà nước ___________________ Căn cứ Luật Ngân hàng Nh"
43/2024/TT-NHNN,01/2014/TT-NHNN,THAM_CHIEU,rule,1.0,Thông tư số 01/2014/TT-NHNN ngày 10 tháng 12 năm 2014 của Thống đốc Ngân hàng Nhà nước Việt Nam hướng dẫn việc tổ chức thực hiện hoạt động quản lý dự trữ ngoại hối nhà nước ___________________ Căn cứ Luật Ngân hàng Nhà nước Việt Nam ngày 16 tháng 6 n
43/2024/TT-NHNN,50/2014/NĐ-CP,THAM_CHIEU,rule,1.0,"Căn cứ Luật Ngân hàng Nhà nước Việt Nam ngày 16 tháng 6 năm 2010; Căn cứ Pháp lệnh Ngoại hối ngày 13 tháng 12 năm 2005; Pháp lệnh sửa đổi, bổ sung một số điều của Pháp lệnh Ngoại hối ngày 18 tháng 3 năm 2013; Căn cứ Nghị định số 50/2014/NĐ-CP ngày 20"
43/2024/TT-NHNN,50/2014/NĐ-CP,SUA_DOI_BO_SUNG,rule,1.0,"sửa đổi, bổ sung một số điều của Pháp lệnh Ngoại hối ngày 18 tháng 3 năm 2013; Căn cứ Nghị định số 50/2014/NĐ-CP ngày 20 tháng 5 năm 2014 của Chính phủ về quản lý dự trữ ngoại hối nhà nước; Căn cứ Nghị định số 102/2022/NĐ-CP ngày 12 tháng 12 năm 2022"
43/2024/TT-NHNN,102/2022/NĐ-CP,SUA_DOI_BO_SUNG,rule,1.0,"sửa đổi, bổ sung một số điều của Pháp lệnh Ngoại hối ngày 18 tháng 3 năm 2013; Căn cứ Nghị định số 50/2014/NĐ-CP ngày 20 tháng 5 năm 2014 của Chính phủ về quản lý dự trữ ngoại hối nhà nước; Căn cứ Nghị định số 102/2022/NĐ-CP ngày 12 tháng 12 năm 2022"
43/2024/TT-NHNN,102/2022/NĐ-CP,THAM_CHIEU,rule,1.0,"Căn cứ Nghị định số 50/2014/NĐ-CP ngày 20 tháng 5 năm 2014 của Chính phủ về quản lý dự trữ ngoại hối nhà nước; Căn cứ Nghị định số 102/2022/NĐ-CP ngày 12 tháng 12 năm 2022 của Chính phủ quy định chức năng, nhiệm vụ, quyền hạn và cơ cấu tổ chức của Ng"
43/2024/TT-NHNN,12/2023/TT-NHNN,SUA_DOI_BO_SUNG,rule,1.0,"Sửa đổi, bổ sung khoản 1 và khoản 5 Điều 14 (đã được sửa đổi, bổ sung bởi khoản 11 Điều 1 Thông tư số 12/2023/TT-NHNN ngày 12/10/2023 của Thống đốc Ngân hàng Nhà nước Việt Nam sửa đổi, bổ sung một số điều của các văn bản quy phạm pháp luật quy định v"
43/2024/TT-NHNN,12/10/2023,SUA_DOI_BO_SUNG,rule,1.0,"Sửa đổi, bổ sung khoản 1 và khoản 5 Điều 14 (đã được sửa đổi, bổ sung bởi khoản 11 Điều 1 Thông tư số 12/2023/TT-NHNN ngày 12/10/2023 của Thống đốc Ngân hàng Nhà nước Việt Nam sửa đổi, bổ sung một số điều của các văn bản quy phạm pháp luật quy định v"
43/2024/TT-NHNN,12/2023/TT-NHNN,THAM_CHIEU,rule,1.0,"Thông tư số 12/2023/TT-NHNN ngày 12/10/2023 của Thống đốc Ngân hàng Nhà nước Việt Nam sửa đổi, bổ sung một số điều của các văn bản quy phạm pháp luật quy định về việc triển khai nhiệm vụ quản lý dự trữ ngoại hối nhà nước) như sau: a) Sửa đổi, bổ sung"
43/2024/TT-NHNN,12/10/2023,THAM_CHIEU,rule,1.0,"Thông tư số 12/2023/TT-NHNN ngày 12/10/2023 của Thống đốc Ngân hàng Nhà nước Việt Nam sửa đổi, bổ sung một số điều của các văn bản quy phạm pháp luật quy định về việc triển khai nhiệm vụ quản lý dự trữ ngoại hối nhà nước) như sau: a) Sửa đổi, bổ sung"
43/2024/TT-NHNN,01/2020/TT-NHNN,SUA_DOI_BO_SUNG,rule,1.0,"Sửa đổi, bổ sung điểm a và điểm c khoản 2 Điều 30 (đã được sửa đổi, bổ sung bởi khoản 13 Điều 1 Thông tư số 01/2020/TT-NHNN ngày 31/12/2020 của Thống đốc Ngân hàng Nhà nước Việt Nam sửa đổi, bổ sung một số điều của Thông tư 01/2014/TT-NHNN ngày 10 th"
43/2024/TT-NHNN,31/12/2020,SUA_DOI_BO_SUNG,rule,1.0,"Sửa đổi, bổ sung điểm a và điểm c khoản 2 Điều 30 (đã được sửa đổi, bổ sung bởi khoản 13 Điều 1 Thông tư số 01/2020/TT-NHNN ngày 31/12/2020 của Thống đốc Ngân hàng Nhà nước Việt Nam sửa đổi, bổ sung một số điều của Thông tư 01/2014/TT-NHNN ngày 10 th"
43/2024/TT-NHNN,01/2020/TT-NHNN,THAM_CHIEU,rule,1.0,"Thông tư số 01/2020/TT-NHNN ngày 31/12/2020 của Thống đốc Ngân hàng Nhà nước Việt Nam sửa đổi, bổ sung một số điều của Thông tư 01/2014/TT-NHNN ngày 10 tháng 12 năm 2014 của Thống đốc Ngân hàng nhà nước hướng dẫn việc tổ chức thực hiện hoạt động quản"
43/2024/TT-NHNN,31/12/2020,THAM_CHIEU,rule,1.0,"Thông tư số 01/2020/TT-NHNN ngày 31/12/2020 của Thống đốc Ngân hàng Nhà nước Việt Nam sửa đổi, bổ sung một số điều của Thông tư 01/2014/TT-NHNN ngày 10 tháng 12 năm 2014 của Thống đốc Ngân hàng nhà nước hướng dẫn việc tổ chức thực hiện hoạt động quản"
01/2014/TT-NHNN,43/2024/TT-NHNN,THAY_THE_BOI,rule,1.0,"Thay thế, bổ sung và bãi bỏ một số quy định của Thông tư số 01/2014/TT-NHNN 1. Thay thế Phụ lục số 01, Phụ lục số 03, Phụ lục số 04, Phụ lục số 06, Phụ lục số 07 và Phụ lục số 08 (đã được thay thế bởi Thông tư số 12/2023/TT-NHNN) bằng Phụ lục số 01,"
17/VBHN-BTC,156/2020/NĐ-CP,THAM_CHIEU,rule,1.0,"Nghị định số 156/2020/NĐ-CP ngày 31 tháng 12 năm 2020 của Chính phủ quy định xử phạt vi phạm hành chính trong lĩnh vực chứng khoán và thị trường chứng khoán, có hiệu lực thi hành kể từ ngày 01 tháng 01 năm 2021, được sửa đổi, bổ sung bởi: Nghị định s"
17/VBHN-BTC,128/2021/NĐ-CP,SUA_DOI_BO_SUNG,rule,1.0,"sửa đổi, bổ sung bởi: Nghị định số 128/2021/NĐ-CP ngày 30 tháng 12 năm 2021 của Chính phủ sửa đổi, bổ sung một số điều của Nghị định số 156/2020/NĐ-CP ngày 31 tháng 12 năm 2020 của Chính phủ quy định xử phạt vi phạm hành chính trong lĩnh vực chứng kh"
17/VBHN-BTC,156/2020/NĐ-CP,SUA_DOI_BO_SUNG,rule,1.0,"sửa đổi, bổ sung bởi: Nghị định số 128/2021/NĐ-CP ngày 30 tháng 12 năm 2021 của Chính phủ sửa đổi, bổ sung một số điều của Nghị định số 156/2020/NĐ-CP ngày 31 tháng 12 năm 2020 của Chính phủ quy định xử phạt vi phạm hành chính trong lĩnh vực chứng kh"
17/VBHN-BTC,128/2021/NĐ-CP,THAM_CHIEU,rule,1.0,"Nghị định số 128/2021/NĐ-CP ngày 30 tháng 12 năm 2021 của Chính phủ sửa đổi, bổ sung một số điều của Nghị định số 156/2020/NĐ-CP ngày 31 tháng 12 năm 2020 của Chính phủ quy định xử phạt vi phạm hành chính trong lĩnh vực chứng khoán và thị trường chứn"
17/VBHN-BTC,306/2025/NĐ-CP,THAM_CHIEU,rule,1.0,"Nghị định số 156/2020/NĐ-CP ngày 31 tháng 12 năm 2020 của Chính phủ quy định xử phạt vi phạm hành chính trong lĩnh vực chứng khoán và thị trường chứng khoán, có hiệu lực thi hành kể từ ngày 01 tháng 01 năm 2022. Nghị định số 306/2025/NĐ-CP ngày 25 th"
17/VBHN-BTC,158/2020/NĐ-CP,SUA_DOI_BO_SUNG,rule,1.0,"sửa đổi, bổ sung một số điều theo Nghị định số 128/2021/NĐ-CP ngày 30 tháng 12 năm 2021 của Chính phủ) và Nghị định số 158/2020/NĐ-CP ngày 31 tháng 12 năm 2020 của Chính phủ về chứng khoán phái sinh và thị trường chứng khoán phái sinh, có hiệu lực th"
17/VBHN-BTC,158/2020/NĐ-CP,THAM_CHIEU,rule,1.0,"Nghị định số 128/2021/NĐ-CP ngày 30 tháng 12 năm 2021 của Chính phủ) và Nghị định số 158/2020/NĐ-CP ngày 31 tháng 12 năm 2020 của Chính phủ về chứng khoán phái sinh và thị trường chứng khoán phái sinh, có hiệu lực thi hành kể từ ngày 09 tháng 01 năm"
17/VBHN-BTC,155/2020/NĐ-CP,THAM_CHIEU,rule,1.0,Nghị định số 155/2020/NĐ-CP ngày 31 tháng 12 năm 2020 của Chính phủ quy định chi tiết thi hành một số điều của Luật Chứng khoán. 2. Phạt tiền từ 50.000.000 đồng đến 70.000.000 đồng đối với công ty đại chúng không thực hiện thông báo tỷ lệ sở hữu nước
17/VBHN-BTC,108/2013/NĐ-CP,THAM_CHIEU,rule,1.0,"Nghị định số 108/2013/NĐ-CP ngày 23 tháng 9 năm 2013 của Chính phủ quy định xử phạt vi phạm hành chính trong lĩnh vực chứng khoán và thị trường chứng khoán và Nghị định số 145/2016/NĐ-CP ngày 01 tháng 11 năm 2016 của Chính phủ sửa đổi, bổ sung một số"
17/VBHN-BTC,145/2016/NĐ-CP,THAM_CHIEU,rule,1.0,"Nghị định số 108/2013/NĐ-CP ngày 23 tháng 9 năm 2013 của Chính phủ quy định xử phạt vi phạm hành chính trong lĩnh vực chứng khoán và thị trường chứng khoán và Nghị định số 145/2016/NĐ-CP ngày 01 tháng 11 năm 2016 của Chính phủ sửa đổi, bổ sung một số"
17/VBHN-BTC,108/2013/NĐ-CP,SUA_DOI_BO_SUNG,rule,1.0,"sửa đổi, bổ sung một số điều của Nghị định số 108/2013/NĐ-CP ngày 23 tháng 9 năm 2013 của Chính phủ quy định xử phạt vi phạm hành chính trong lĩnh vực chứng khoán và thị trường chứng khoán hết hiệu lực kể từ ngày Nghị định này có hiệu lực thi hành. Đ"
202/2012/TT-BTC,67/2011/QH12,THAM_CHIEU,rule,1.0,Căn cứ Luật Kiểm toán độc lập số 67/2011/QH12 ngày 29 tháng 3 năm 2011; Căn cứ Nghị định số 17/2012/NĐ-CP ngày 13/3/2012 của Chính phủ quy định chi tiết và hướng dẫn thi hành một số điều của Luật kiểm toán độc lập; Căn cứ Nghị định số 118/2008/NĐ-CP
202/2012/TT-BTC,17/2012/NĐ-CP,THAM_CHIEU,rule,1.0,Căn cứ Luật Kiểm toán độc lập số 67/2011/QH12 ngày 29 tháng 3 năm 2011; Căn cứ Nghị định số 17/2012/NĐ-CP ngày 13/3/2012 của Chính phủ quy định chi tiết và hướng dẫn thi hành một số điều của Luật kiểm toán độc lập; Căn cứ Nghị định số 118/2008/NĐ-CP
202/2012/TT-BTC,13/3/2012,THAM_CHIEU,rule,1.0,Căn cứ Luật Kiểm toán độc lập số 67/2011/QH12 ngày 29 tháng 3 năm 2011; Căn cứ Nghị định số 17/2012/NĐ-CP ngày 13/3/2012 của Chính phủ quy định chi tiết và hướng dẫn thi hành một số điều của Luật kiểm toán độc lập; Căn cứ Nghị định số 118/2008/NĐ-CP
202/2012/TT-BTC,118/2008/NĐ-CP,THAM_CHIEU,rule,1.0,Căn cứ Luật Kiểm toán độc lập số 67/2011/QH12 ngày 29 tháng 3 năm 2011; Căn cứ Nghị định số 17/2012/NĐ-CP ngày 13/3/2012 của Chính phủ quy định chi tiết và hướng dẫn thi hành một số điều của Luật kiểm toán độc lập; Căn cứ Nghị định số 118/2008/NĐ-CP
202/2012/TT-BTC,27/11/2008,THAM_CHIEU,rule,1.0,"Căn cứ Nghị định số 17/2012/NĐ-CP ngày 13/3/2012 của Chính phủ quy định chi tiết và hướng dẫn thi hành một số điều của Luật kiểm toán độc lập; Căn cứ Nghị định số 118/2008/NĐ-CP ngày 27/11/2008 của Chính phủ Quy định chức năng, nhiệm vụ, quyền hạn và"
202/2012/TT-BTC,64/2004/TT-BTC,THAM_CHIEU,rule,1.0,Thông tư số 64/2004/TT-BTC ngày 29/6/2004 hướng dẫn thi hành một số điều của Nghị định số 105/2004/NĐ-CP ngày 30/3/2004 của Chính phủ về kiểm toán độc lập hết hiệu lực kể từ ngày Thông tư này có hiệu lực thi hành. Điều 18. Tổ chức thực hiện Vụ trưởng
202/2012/TT-BTC,29/6/2004,THAM_CHIEU,rule,1.0,Thông tư số 64/2004/TT-BTC ngày 29/6/2004 hướng dẫn thi hành một số điều của Nghị định số 105/2004/NĐ-CP ngày 30/3/2004 của Chính phủ về kiểm toán độc lập hết hiệu lực kể từ ngày Thông tư này có hiệu lực thi hành. Điều 18. Tổ chức thực hiện Vụ trưởng
202/2012/TT-BTC,105/2004/NĐ-CP,THAM_CHIEU,rule,1.0,Thông tư số 64/2004/TT-BTC ngày 29/6/2004 hướng dẫn thi hành một số điều của Nghị định số 105/2004/NĐ-CP ngày 30/3/2004 của Chính phủ về kiểm toán độc lập hết hiệu lực kể từ ngày Thông tư này có hiệu lực thi hành. Điều 18. Tổ chức thực hiện Vụ trưởng
202/2012/TT-BTC,30/3/2004,THAM_CHIEU,rule,1.0,Thông tư số 64/2004/TT-BTC ngày 29/6/2004 hướng dẫn thi hành một số điều của Nghị định số 105/2004/NĐ-CP ngày 30/3/2004 của Chính phủ về kiểm toán độc lập hết hiệu lực kể từ ngày Thông tư này có hiệu lực thi hành. Điều 18. Tổ chức thực hiện Vụ trưởng
57/2024/TT-NHNN,102/2022/NĐ-CP,THAM_CHIEU,rule,1.0,"Căn cứ Luật Ngân hàng Nhà nước Việt Nam ngày 16 tháng 6 năm 2010; Căn cứ Luật Các tổ chức tín dụng ngày 18 tháng 01 năm 2024; Căn cứ Nghị định số 102/2022/NĐ-CP ngày 12 tháng 12 năm 2022 của Chính phủ quy định chức năng, nhiệm vụ, quyền hạn và cơ cấu"
57/2024/TT-NHNN,162/2024/NĐ-CP,THAM_CHIEU,rule,1.0,"Căn cứ Nghị định số 102/2022/NĐ-CP ngày 12 tháng 12 năm 2022 của Chính phủ quy định chức năng, nhiệm vụ, quyền hạn và cơ cấu tổ chức của Ngân hàng Nhà nước Việt Nam; Căn cứ Nghị định số 162/2024/NĐ-CP ngày 20 tháng 12 năm 2024 của Chính phủ quy định"
44/2011/TT-NHNN,46/2010/QH12,THAM_CHIEU,rule,1.0,"Căn cứ Luật Ngân hàng Nhà nước Việt Nam số 46/2010/QH12 ngày 16 tháng 6 năm 2010; Căn cứ Luật Các tổ chức tín dụng số 47/2010/QH12 ngày 16 tháng 6 năm 2010; Căn cứ Nghị định số 96/2008/NĐ-CP ngày 26/8/2008 của Chính phủ quy định chức năng, nhiệm vụ,"
44/2011/TT-NHNN,47/2010/QH12,THAM_CHIEU,rule,1.0,"Căn cứ Luật Ngân hàng Nhà nước Việt Nam số 46/2010/QH12 ngày 16 tháng 6 năm 2010; Căn cứ Luật Các tổ chức tín dụng số 47/2010/QH12 ngày 16 tháng 6 năm 2010; Căn cứ Nghị định số 96/2008/NĐ-CP ngày 26/8/2008 của Chính phủ quy định chức năng, nhiệm vụ,"
44/2011/TT-NHNN,96/2008/NĐ-CP,THAM_CHIEU,rule,1.0,"Căn cứ Luật Ngân hàng Nhà nước Việt Nam số 46/2010/QH12 ngày 16 tháng 6 năm 2010; Căn cứ Luật Các tổ chức tín dụng số 47/2010/QH12 ngày 16 tháng 6 năm 2010; Căn cứ Nghị định số 96/2008/NĐ-CP ngày 26/8/2008 của Chính phủ quy định chức năng, nhiệm vụ,"
44/2011/TT-NHNN,26/8/2008,THAM_CHIEU,rule,1.0,"Căn cứ Luật Ngân hàng Nhà nước Việt Nam số 46/2010/QH12 ngày 16 tháng 6 năm 2010; Căn cứ Luật Các tổ chức tín dụng số 47/2010/QH12 ngày 16 tháng 6 năm 2010; Căn cứ Nghị định số 96/2008/NĐ-CP ngày 26/8/2008 của Chính phủ quy định chức năng, nhiệm vụ,"
66/2020/TT-BTC,88/2015/QH,THAM_CHIEU,rule,1.0,Căn cứ Luật kế toán số 88/2015/QH 13 ngày 20 tháng 11 năm 2015; Căn cứ Nghị định số 05/2019/NĐ-CP ngày 22 thảng 01 năm 2019 của Chính phủ về kiếm toán nội bộ; Căn cứ Nghị định số 87/2017/NĐ-CP ngày 26 tháng 7 năm 2017 của Chính phủ quy định chức năng
66/2020/TT-BTC,05/2019/NĐ-CP,THAM_CHIEU,rule,1.0,Căn cứ Luật kế toán số 88/2015/QH 13 ngày 20 tháng 11 năm 2015; Căn cứ Nghị định số 05/2019/NĐ-CP ngày 22 thảng 01 năm 2019 của Chính phủ về kiếm toán nội bộ; Căn cứ Nghị định số 87/2017/NĐ-CP ngày 26 tháng 7 năm 2017 của Chính phủ quy định chức năng
66/2020/TT-BTC,87/2017/NĐ-CP,THAM_CHIEU,rule,1.0,Căn cứ Luật kế toán số 88/2015/QH 13 ngày 20 tháng 11 năm 2015; Căn cứ Nghị định số 05/2019/NĐ-CP ngày 22 thảng 01 năm 2019 của Chính phủ về kiếm toán nội bộ; Căn cứ Nghị định số 87/2017/NĐ-CP ngày 26 tháng 7 năm 2017 của Chính phủ quy định chức năng
29/2024/TT-NHNN,102/2022/NĐ-CP,THAM_CHIEU,rule,1.0,Căn cứ Luật Ngân hàng Nhà nước Việt Nam ngày 16 tháng 6 năm 2010; Căn cứ Luật Các tổ chức tín dụng ngày 18 tháng 01 năm 2024; Căn cứ Luật Hợp tác xã ngày 17 tháng 6 năm 2023; Căn cứ Nghị định số 102/2022/NĐ-CP ngày 12 tháng 12 năm 2022 của Chính phủ
29/2024/TT-NHNN,06/2007/TT-NHNN,THAM_CHIEU,rule,1.0,"Thông tư số 06/2007/TT-NHNN ngày 06 tháng 11 năm 2007 của Thống đốc Ngân hàng Nhà nước sửa đổi, bổ sung Thông tư số 08/2005/TT-NHNN ngày 30 tháng 12 năm 2005 của Ngân hàng Nhà nước hướng dẫn thực hiện Nghị định số 48/2001/NĐ-CP ngày 13/8/2001 về tổ c"
29/2024/TT-NHNN,08/2005/TT-NHNN,THAM_CHIEU,rule,1.0,"Thông tư số 06/2007/TT-NHNN ngày 06 tháng 11 năm 2007 của Thống đốc Ngân hàng Nhà nước sửa đổi, bổ sung Thông tư số 08/2005/TT-NHNN ngày 30 tháng 12 năm 2005 của Ngân hàng Nhà nước hướng dẫn thực hiện Nghị định số 48/2001/NĐ-CP ngày 13/8/2001 về tổ c"
29/2024/TT-NHNN,48/2001/NĐ-CP,THAM_CHIEU,rule,1.0,"Thông tư số 06/2007/TT-NHNN ngày 06 tháng 11 năm 2007 của Thống đốc Ngân hàng Nhà nước sửa đổi, bổ sung Thông tư số 08/2005/TT-NHNN ngày 30 tháng 12 năm 2005 của Ngân hàng Nhà nước hướng dẫn thực hiện Nghị định số 48/2001/NĐ-CP ngày 13/8/2001 về tổ c"
29/2024/TT-NHNN,13/8/2001,THAM_CHIEU,rule,1.0,"Thông tư số 06/2007/TT-NHNN ngày 06 tháng 11 năm 2007 của Thống đốc Ngân hàng Nhà nước sửa đổi, bổ sung Thông tư số 08/2005/TT-NHNN ngày 30 tháng 12 năm 2005 của Ngân hàng Nhà nước hướng dẫn thực hiện Nghị định số 48/2001/NĐ-CP ngày 13/8/2001 về tổ c"
29/2024/TT-NHNN,08/2005/TT-NHNN,SUA_DOI_BO_SUNG,rule,1.0,"sửa đổi, bổ sung Thông tư số 08/2005/TT-NHNN ngày 30 tháng 12 năm 2005 của Ngân hàng Nhà nước hướng dẫn thực hiện Nghị định số 48/2001/NĐ-CP ngày 13/8/2001 về tổ chức và hoạt động của quỹ tín dụng nhân dân và Nghị định số 69/2005/NĐ-CP ngày 26 tháng"
29/2024/TT-NHNN,48/2001/NĐ-CP,SUA_DOI_BO_SUNG,rule,1.0,"sửa đổi, bổ sung Thông tư số 08/2005/TT-NHNN ngày 30 tháng 12 năm 2005 của Ngân hàng Nhà nước hướng dẫn thực hiện Nghị định số 48/2001/NĐ-CP ngày 13/8/2001 về tổ chức và hoạt động của quỹ tín dụng nhân dân và Nghị định số 69/2005/NĐ-CP ngày 26 tháng"
29/2024/TT-NHNN,13/8/2001,SUA_DOI_BO_SUNG,rule,1.0,"sửa đổi, bổ sung Thông tư số 08/2005/TT-NHNN ngày 30 tháng 12 năm 2005 của Ngân hàng Nhà nước hướng dẫn thực hiện Nghị định số 48/2001/NĐ-CP ngày 13/8/2001 về tổ chức và hoạt động của quỹ tín dụng nhân dân và Nghị định số 69/2005/NĐ-CP ngày 26 tháng"
29/2024/TT-NHNN,69/2005/NĐ-CP,SUA_DOI_BO_SUNG,rule,1.0,"sửa đổi, bổ sung Thông tư số 08/2005/TT-NHNN ngày 30 tháng 12 năm 2005 của Ngân hàng Nhà nước hướng dẫn thực hiện Nghị định số 48/2001/NĐ-CP ngày 13/8/2001 về tổ chức và hoạt động của quỹ tín dụng nhân dân và Nghị định số 69/2005/NĐ-CP ngày 26 tháng"
29/2024/TT-NHNN,69/2005/NĐ-CP,THAM_CHIEU,rule,1.0,Thông tư số 08/2005/TT-NHNN ngày 30 tháng 12 năm 2005 của Ngân hàng Nhà nước hướng dẫn thực hiện Nghị định số 48/2001/NĐ-CP ngày 13/8/2001 về tổ chức và hoạt động của quỹ tín dụng nhân dân và Nghị định số 69/2005/NĐ-CP ngày 26 tháng 5 năm 2005 của Ch
29/2024/TT-NHNN,04/2015/TT-NHNN,THAM_CHIEU,rule,1.0,"bãi bỏ: a) Thông tư 04/2015/TT-NHNN ngày 31/03/2015 của Thống đốc Ngân hàng Nhà nước quy định về quỹ tín dụng nhân dân; b) Thông tư số 06/2017/TT-NHNN ngày 05/7/2017 của Thống đốc Ngân hàng sửa đổi, bổ sung một số điều của Thông tư số 03/2014/TT-NHNN"
29/2024/TT-NHNN,31/03/2015,THAM_CHIEU,rule,1.0,"bãi bỏ: a) Thông tư 04/2015/TT-NHNN ngày 31/03/2015 của Thống đốc Ngân hàng Nhà nước quy định về quỹ tín dụng nhân dân; b) Thông tư số 06/2017/TT-NHNN ngày 05/7/2017 của Thống đốc Ngân hàng sửa đổi, bổ sung một số điều của Thông tư số 03/2014/TT-NHNN"
29/2024/TT-NHNN,06/2017/TT-NHNN,THAM_CHIEU,rule,1.0,"bãi bỏ: a) Thông tư 04/2015/TT-NHNN ngày 31/03/2015 của Thống đốc Ngân hàng Nhà nước quy định về quỹ tín dụng nhân dân; b) Thông tư số 06/2017/TT-NHNN ngày 05/7/2017 của Thống đốc Ngân hàng sửa đổi, bổ sung một số điều của Thông tư số 03/2014/TT-NHNN"
29/2024/TT-NHNN,05/7/2017,THAM_CHIEU,rule,1.0,"bãi bỏ: a) Thông tư 04/2015/TT-NHNN ngày 31/03/2015 của Thống đốc Ngân hàng Nhà nước quy định về quỹ tín dụng nhân dân; b) Thông tư số 06/2017/TT-NHNN ngày 05/7/2017 của Thống đốc Ngân hàng sửa đổi, bổ sung một số điều của Thông tư số 03/2014/TT-NHNN"
29/2024/TT-NHNN,03/2014/TT-NHNN,THAM_CHIEU,rule,1.0,"bãi bỏ: a) Thông tư 04/2015/TT-NHNN ngày 31/03/2015 của Thống đốc Ngân hàng Nhà nước quy định về quỹ tín dụng nhân dân; b) Thông tư số 06/2017/TT-NHNN ngày 05/7/2017 của Thống đốc Ngân hàng sửa đổi, bổ sung một số điều của Thông tư số 03/2014/TT-NHNN"
29/2024/TT-NHNN,23/01/2014,THAM_CHIEU,rule,1.0,"Thông tư số 06/2017/TT-NHNN ngày 05/7/2017 của Thống đốc Ngân hàng sửa đổi, bổ sung một số điều của Thông tư số 03/2014/TT-NHNN ngày 23/01/2014 của Thống đốc Ngân hàng Nhà nước quy định về quỹ bảo đảm an toàn hệ thống quỹ tín dụng nhân dân và Thông t"
29/2024/TT-NHNN,03/2014/TT-NHNN,SUA_DOI_BO_SUNG,rule,1.0,"sửa đổi, bổ sung một số điều của Thông tư số 03/2014/TT-NHNN ngày 23/01/2014 của Thống đốc Ngân hàng Nhà nước quy định về quỹ bảo đảm an toàn hệ thống quỹ tín dụng nhân dân và Thông tư số 04/2015/TT-NHNN ngày 31/03/2015 của Thống đốc Ngân hàng Nhà nư"
29/2024/TT-NHNN,23/01/2014,SUA_DOI_BO_SUNG,rule,1.0,"sửa đổi, bổ sung một số điều của Thông tư số 03/2014/TT-NHNN ngày 23/01/2014 của Thống đốc Ngân hàng Nhà nước quy định về quỹ bảo đảm an toàn hệ thống quỹ tín dụng nhân dân và Thông tư số 04/2015/TT-NHNN ngày 31/03/2015 của Thống đốc Ngân hàng Nhà nư"
29/2024/TT-NHNN,04/2015/TT-NHNN,SUA_DOI_BO_SUNG,rule,1.0,"sửa đổi, bổ sung một số điều của Thông tư số 03/2014/TT-NHNN ngày 23/01/2014 của Thống đốc Ngân hàng Nhà nước quy định về quỹ bảo đảm an toàn hệ thống quỹ tín dụng nhân dân và Thông tư số 04/2015/TT-NHNN ngày 31/03/2015 của Thống đốc Ngân hàng Nhà nư"
29/2024/TT-NHNN,31/03/2015,SUA_DOI_BO_SUNG,rule,1.0,"sửa đổi, bổ sung một số điều của Thông tư số 03/2014/TT-NHNN ngày 23/01/2014 của Thống đốc Ngân hàng Nhà nước quy định về quỹ bảo đảm an toàn hệ thống quỹ tín dụng nhân dân và Thông tư số 04/2015/TT-NHNN ngày 31/03/2015 của Thống đốc Ngân hàng Nhà nư"
29/2024/TT-NHNN,21/2019/TT-NHNN,THAM_CHIEU,rule,1.0,"Thông tư số 04/2015/TT-NHNN ngày 31/03/2015 của Thống đốc Ngân hàng Nhà nước quy định về quỹ tín dụng nhân dân; c) Điều 2, khoản 1 Điều 6 Thông tư 21/2019/TT-NHNN ngày 14/11/2019 của Thống đốc Ngân hàng Nhà nước sửa đổi, bổ sung một số điều của các T"
29/2024/TT-NHNN,14/11/2019,THAM_CHIEU,rule,1.0,"Thông tư số 04/2015/TT-NHNN ngày 31/03/2015 của Thống đốc Ngân hàng Nhà nước quy định về quỹ tín dụng nhân dân; c) Điều 2, khoản 1 Điều 6 Thông tư 21/2019/TT-NHNN ngày 14/11/2019 của Thống đốc Ngân hàng Nhà nước sửa đổi, bổ sung một số điều của các T"
29/2024/TT-NHNN,01/2023/TT-NHNN,SUA_DOI_BO_SUNG,rule,1.0,"sửa đổi, bổ sung một số điều của các Thông tư quy định về ngân hàng hợp tác xã, quỹ tín dụng nhân dân và quỹ bảo đảm an toàn hệ thống quỹ tín dụng nhân dân; d) Thông tư số 01/2023/TT-NHNN ngày 01/3/2023 của Thống đốc Ngân hàng Nhà nước sửa đổi, bổ su"
29/2024/TT-NHNN,01/3/2023,SUA_DOI_BO_SUNG,rule,1.0,"sửa đổi, bổ sung một số điều của các Thông tư quy định về ngân hàng hợp tác xã, quỹ tín dụng nhân dân và quỹ bảo đảm an toàn hệ thống quỹ tín dụng nhân dân; d) Thông tư số 01/2023/TT-NHNN ngày 01/3/2023 của Thống đốc Ngân hàng Nhà nước sửa đổi, bổ su"
29/2024/TT-NHNN,01/2023/TT-NHNN,THAM_CHIEU,rule,1.0,"Thông tư số 01/2023/TT-NHNN ngày 01/3/2023 của Thống đốc Ngân hàng Nhà nước sửa đổi, bổ sung một số điều của Thông tư số 04/2015/TT-NHNN ngày 31/3/2015 của Thống đốc Ngân hàng Nhà nước Việt Nam quy định về quỹ tín dụng nhân dân; đ) Điều 2 Thông tư số"
29/2024/TT-NHNN,01/3/2023,THAM_CHIEU,rule,1.0,"Thông tư số 01/2023/TT-NHNN ngày 01/3/2023 của Thống đốc Ngân hàng Nhà nước sửa đổi, bổ sung một số điều của Thông tư số 04/2015/TT-NHNN ngày 31/3/2015 của Thống đốc Ngân hàng Nhà nước Việt Nam quy định về quỹ tín dụng nhân dân; đ) Điều 2 Thông tư số"
29/2024/TT-NHNN,31/3/2015,THAM_CHIEU,rule,1.0,"Thông tư số 01/2023/TT-NHNN ngày 01/3/2023 của Thống đốc Ngân hàng Nhà nước sửa đổi, bổ sung một số điều của Thông tư số 04/2015/TT-NHNN ngày 31/3/2015 của Thống đốc Ngân hàng Nhà nước Việt Nam quy định về quỹ tín dụng nhân dân; đ) Điều 2 Thông tư số"
29/2024/TT-NHNN,31/3/2015,SUA_DOI_BO_SUNG,rule,1.0,"sửa đổi, bổ sung một số điều của Thông tư số 04/2015/TT-NHNN ngày 31/3/2015 của Thống đốc Ngân hàng Nhà nước Việt Nam quy định về quỹ tín dụng nhân dân; đ) Điều 2 Thông tư số 24/2023/TT- NHNN ngày 29/12/2023 của Thống đốc Ngân hàng Nhà nước sửa đổi,"
29/2024/TT-NHNN,24/2023/TT-,SUA_DOI_BO_SUNG,rule,1.0,"sửa đổi, bổ sung một số điều của Thông tư số 04/2015/TT-NHNN ngày 31/3/2015 của Thống đốc Ngân hàng Nhà nước Việt Nam quy định về quỹ tín dụng nhân dân; đ) Điều 2 Thông tư số 24/2023/TT- NHNN ngày 29/12/2023 của Thống đốc Ngân hàng Nhà nước sửa đổi,"
29/2024/TT-NHNN,29/12/2023,SUA_DOI_BO_SUNG,rule,1.0,"sửa đổi, bổ sung một số điều của Thông tư số 04/2015/TT-NHNN ngày 31/3/2015 của Thống đốc Ngân hàng Nhà nước Việt Nam quy định về quỹ tín dụng nhân dân; đ) Điều 2 Thông tư số 24/2023/TT- NHNN ngày 29/12/2023 của Thống đốc Ngân hàng Nhà nước sửa đổi,"
29/2024/TT-NHNN,24/2023/TT-,THAM_CHIEU,rule,1.0,"Thông tư số 04/2015/TT-NHNN ngày 31/3/2015 của Thống đốc Ngân hàng Nhà nước Việt Nam quy định về quỹ tín dụng nhân dân; đ) Điều 2 Thông tư số 24/2023/TT- NHNN ngày 29/12/2023 của Thống đốc Ngân hàng Nhà nước sửa đổi, bổ sung một số điều của các Thông"
29/2024/TT-NHNN,29/12/2023,THAM_CHIEU,rule,1.0,"Thông tư số 04/2015/TT-NHNN ngày 31/3/2015 của Thống đốc Ngân hàng Nhà nước Việt Nam quy định về quỹ tín dụng nhân dân; đ) Điều 2 Thông tư số 24/2023/TT- NHNN ngày 29/12/2023 của Thống đốc Ngân hàng Nhà nước sửa đổi, bổ sung một số điều của các Thông"
08/2021/TT-BTC,88/2015/QH13,THAM_CHIEU,rule,1.0,"Căn cứ Luật kế toán số 88/2015/QH13 ngày 20 tháng 11 năm 2015; Căn cứ Nghị định 05/2019/NĐ-CP ngày 22 tháng 01 năm 2019 của Chính phủ về kiểm toán nội bộ; Căn cứ Nghị định số 87/2017/NĐ-CP ngày 26 tháng 7 năm 2017 của Chính phủ quy định chức năng, nh"
08/2021/TT-BTC,05/2019/NĐ-CP,THAM_CHIEU,rule,1.0,"Căn cứ Luật kế toán số 88/2015/QH13 ngày 20 tháng 11 năm 2015; Căn cứ Nghị định 05/2019/NĐ-CP ngày 22 tháng 01 năm 2019 của Chính phủ về kiểm toán nội bộ; Căn cứ Nghị định số 87/2017/NĐ-CP ngày 26 tháng 7 năm 2017 của Chính phủ quy định chức năng, nh"
08/2021/TT-BTC,87/2017/NĐ-CP,THAM_CHIEU,rule,1.0,"Căn cứ Luật kế toán số 88/2015/QH13 ngày 20 tháng 11 năm 2015; Căn cứ Nghị định 05/2019/NĐ-CP ngày 22 tháng 01 năm 2019 của Chính phủ về kiểm toán nội bộ; Căn cứ Nghị định số 87/2017/NĐ-CP ngày 26 tháng 7 năm 2017 của Chính phủ quy định chức năng, nh"
08/2021/TT-BTC,8/2021/TT-BTC,THAM_CHIEU,rule,1.0,"Thông tư số 8/2021/TT-BTC ngày 25 tháng 01 năm 2021 của Bộ trưởng Bộ Tài chính) Giới thiệu chuẩn mực Kiểm toán nội bộ được thực hiện ở những đơn vị có mục đích, quy mô, mức độ phức tạp và cơ cấu khác nhau và do nhân sự ở trong và ngoài đơn vị thực hi"
22/2023/TT-NHNN,41/2016/TT-NHNN,SUA_DOI_BO_SUNG,rule,1.0,"Sửa đổi, bổ sung một số điều của Thông tư số 41/2016/TT-NHNN ngày 30 tháng 12 năm 2016 của Thống đốc Ngân hàng Nhà nước Việt Nam quy định tỷ lệ an toàn vốn đối với ngân hàng, chi nhánh ngân hàng nước ngoài Căn cứ Luật Ngân hàng Nhà nước Việt Nam ngày"
22/2023/TT-NHNN,41/2016/TT-NHNN,THAM_CHIEU,rule,1.0,"Thông tư số 41/2016/TT-NHNN ngày 30 tháng 12 năm 2016 của Thống đốc Ngân hàng Nhà nước Việt Nam quy định tỷ lệ an toàn vốn đối với ngân hàng, chi nhánh ngân hàng nước ngoài Căn cứ Luật Ngân hàng Nhà nước Việt Nam ngày 16 tháng 6 năm 2010; Căn cứ Luật"
22/2023/TT-NHNN,102/2022/NĐ-,THAM_CHIEU,rule,1.0,"Căn cứ Luật Ngân hàng Nhà nước Việt Nam ngày 16 tháng 6 năm 2010; Căn cứ Luật Các tổ chức tín dụng ngày 16 tháng 6 năm 2010 và Luật sửa đổi, bổ sung một số điều của Luật Các tổ chức tín dụng ngày 20 tháng 11 năm 2017; Căn cứ Nghị định số 102/2022/NĐ-"
22/2023/TT-NHNN,102/2022/NĐ-CP,THAM_CHIEU,rule,1.0,"Căn cứ Luật Các tổ chức tín dụng ngày 16 tháng 6 năm 2010 và Luật sửa đổi, bổ sung một số điều của Luật Các tổ chức tín dụng ngày 20 tháng 11 năm 2017; Căn cứ Nghị định số 102/2022/NĐ-CP ngày 12 tháng 12 năm 2022 của Chính phủ quy định chức năng, nhi"
22/2023/TT-NHNN,102/2022/NĐ-CP,SUA_DOI_BO_SUNG,rule,1.0,"sửa đổi, bổ sung một số điều của Luật Các tổ chức tín dụng ngày 20 tháng 11 năm 2017; Căn cứ Nghị định số 102/2022/NĐ-CP ngày 12 tháng 12 năm 2022 của Chính phủ quy định chức năng, nhiệm vụ, quyền hạn và cơ cấu tổ chức của Ngân hàng Nhà nước Việt Nam"
41/2016/TT-NHNN,22/2023/TT-NHNN,THAY_THE_BOI,rule,1.0,"Thay thế Phụ lục 01, Phụ lục 02, Phụ lục 03, Phụ lục 04 và Phụ lục 06 của Thông tư số 41/2016/TT-NHNN bằng Phụ lục 01, Phụ lục 02, Phụ lục 03, Phụ lục 04 và Phụ lục 06 ban hành kèm theo Thông tư này. Điều 3. Trách nhiệm tổ chức thực hiện Chánh Văn ph"
56/2024/TT-NHNN,102/2022/NĐ-CP,THAM_CHIEU,rule,1.0,"Căn cứ Luật Ngân hàng Nhà nước Việt Nam ngày 16 tháng 6 năm 2010; Căn cứ Luật Các tổ chức tín dụng ngày 18 tháng 01 năm 2024; Căn cứ Nghị định số 102/2022/NĐ-CP ngày 12 tháng 12 năm 2022 của Chính phủ quy định chức năng, nhiệm vụ, quyền hạn và cơ cấu"
69/2025/TT-NHNN,46/2010/QH12,THAM_CHIEU,rule,1.0,"Căn cứ Luật Ngân hàng Nhà nước Việt Nam số 46/2010/QH12; Căn cứ Luật Các tổ chức tín dụng số 32/2024/QH15 được sửa đổi, bổ sung bởi Luật số 96/2025/QH15; Căn cứ Nghị định số 26/2025/NĐ-CP của Chính phủ quy định chức năng, nhiệm vụ, quyền hạn và cơ cấ"
69/2025/TT-NHNN,32/2024/QH15,THAM_CHIEU,rule,1.0,"Căn cứ Luật Ngân hàng Nhà nước Việt Nam số 46/2010/QH12; Căn cứ Luật Các tổ chức tín dụng số 32/2024/QH15 được sửa đổi, bổ sung bởi Luật số 96/2025/QH15; Căn cứ Nghị định số 26/2025/NĐ-CP của Chính phủ quy định chức năng, nhiệm vụ, quyền hạn và cơ cấ"
69/2025/TT-NHNN,96/2025/QH15,THAM_CHIEU,rule,1.0,"Căn cứ Luật Ngân hàng Nhà nước Việt Nam số 46/2010/QH12; Căn cứ Luật Các tổ chức tín dụng số 32/2024/QH15 được sửa đổi, bổ sung bởi Luật số 96/2025/QH15; Căn cứ Nghị định số 26/2025/NĐ-CP của Chính phủ quy định chức năng, nhiệm vụ, quyền hạn và cơ cấ"
69/2025/TT-NHNN,26/2025/NĐ-CP,THAM_CHIEU,rule,1.0,"Căn cứ Luật Ngân hàng Nhà nước Việt Nam số 46/2010/QH12; Căn cứ Luật Các tổ chức tín dụng số 32/2024/QH15 được sửa đổi, bổ sung bởi Luật số 96/2025/QH15; Căn cứ Nghị định số 26/2025/NĐ-CP của Chính phủ quy định chức năng, nhiệm vụ, quyền hạn và cơ cấ"
69/2025/TT-NHNN,96/2025/QH15,SUA_DOI_BO_SUNG,rule,1.0,"sửa đổi, bổ sung bởi Luật số 96/2025/QH15; Căn cứ Nghị định số 26/2025/NĐ-CP của Chính phủ quy định chức năng, nhiệm vụ, quyền hạn và cơ cấu tổ chức của Ngân hàng Nhà nước Việt Nam; Theo đề nghị của Cục trưởng Cục An toàn hệ thống các tổ chức tín dụn"
69/2025/TT-NHNN,26/2025/NĐ-CP,SUA_DOI_BO_SUNG,rule,1.0,"sửa đổi, bổ sung bởi Luật số 96/2025/QH15; Căn cứ Nghị định số 26/2025/NĐ-CP của Chính phủ quy định chức năng, nhiệm vụ, quyền hạn và cơ cấu tổ chức của Ngân hàng Nhà nước Việt Nam; Theo đề nghị của Cục trưởng Cục An toàn hệ thống các tổ chức tín dụn"
69/2025/TT-NHNN,19/2013/TT-,SUA_DOI_BO_SUNG,rule,1.0,"SỬA ĐỔI, BỔ SUNG MỘT SỐ ĐIỀU CỦA THÔNG TƯ SỐ 19/2013/TT- NHNN CỦA THỐNG ĐỐC NGÂN HÀNG NHÀ NƯỚC VIỆT NAM QUY ĐỊNH VỀ VIỆC MUA, BÁN VÀ XỬ LÝ NỢ XẤU CỦA CÔNG TY QUẢN LÝ TÀI SẢN CỦA CÁC TỔ CHỨC TÍN DỤNG VIỆT NAM Điều 1. Sửa đổi, bổ sung Điều 10 “ Điều 10"
69/2025/TT-NHNN,19/2013/TT-,THAM_CHIEU,rule,1.0,"THÔNG TƯ SỐ 19/2013/TT- NHNN CỦA THỐNG ĐỐC NGÂN HÀNG NHÀ NƯỚC VIỆT NAM QUY ĐỊNH VỀ VIỆC MUA, BÁN VÀ XỬ LÝ NỢ XẤU CỦA CÔNG TY QUẢN LÝ TÀI SẢN CỦA CÁC TỔ CHỨC TÍN DỤNG VIỆT NAM Điều 1. Sửa đổi, bổ sung Điều 10 “ Điều 10. Chủ thể, mục đích và nguyên tắc"
69/2025/TT-NHNN,43/2015/TT-,SUA_DOI_BO_SUNG,rule,1.0,"SỬA ĐỔI, BỔ SUNG MỘT SỐ ĐIỀU CỦA THÔNG TƯ SỐ 43/2015/TT- NHNN CỦA THỐNG ĐỐC NGÂN HÀNG NHÀ NƯỚC VIỆT NAM QUY ĐỊNH VỀ TỔ CHỨC VÀ HOẠT ĐỘNG CỦA PHÒNG GIAO DỊCH BƯU ĐIỆN TRỰC THUỘC NGÂN HÀNG THƯƠNG MẠI CỔ PHẦN LỘC PHÁT VIỆT NAM Điều 12. Sửa đổi, bổ sung"
69/2025/TT-NHNN,43/2015/TT-,THAM_CHIEU,rule,1.0,"THÔNG TƯ SỐ 43/2015/TT- NHNN CỦA THỐNG ĐỐC NGÂN HÀNG NHÀ NƯỚC VIỆT NAM QUY ĐỊNH VỀ TỔ CHỨC VÀ HOẠT ĐỘNG CỦA PHÒNG GIAO DỊCH BƯU ĐIỆN TRỰC THUỘC NGÂN HÀNG THƯƠNG MẠI CỔ PHẦN LỘC PHÁT VIỆT NAM Điều 12. Sửa đổi, bổ sung điểm b khoản 3 Điều 10 “b) Trong"
69/2025/TT-NHNN,53/2018/TT-,SUA_DOI_BO_SUNG,rule,1.0,"SỬA ĐỔI, BỔ SUNG MỘT SỐ ĐIỀU CỦA THÔNG TƯ SỐ 53/2018/TT- NHNN CỦA THỐNG ĐỐC NGÂN HÀNG NHÀ NƯỚC VIỆT NAM QUY ĐỊNH VỀ MẠNG LƯỚI HOẠT ĐỘNG CỦA TỔ CHỨC TÍN DỤNG PHI NGÂN HÀNG Điều 15. Bãi bỏ điểm đ khoản 1 Điều 6 Điều 16. Sửa đổi, bổ sung Điều 7 “Điều 7."
69/2025/TT-NHNN,53/2018/TT-,THAM_CHIEU,rule,1.0,"THÔNG TƯ SỐ 53/2018/TT- NHNN CỦA THỐNG ĐỐC NGÂN HÀNG NHÀ NƯỚC VIỆT NAM QUY ĐỊNH VỀ MẠNG LƯỚI HOẠT ĐỘNG CỦA TỔ CHỨC TÍN DỤNG PHI NGÂN HÀNG Điều 15. Bãi bỏ điểm đ khoản 1 Điều 6 Điều 16. Sửa đổi, bổ sung Điều 7 “Điều 7. Điều kiện thành lập chi nhánh 1."
69/2025/TT-NHNN,53/2018/TT-NHNN,THAM_CHIEU,rule,1.0,"Bãi bỏ Điều 24 Điều 25. Thay thế Phụ lục ban hành kèm theo Thông tư 53/2018/TT-NHNN Thay thế Phụ lục ban hành kèm theo Thông tư 53/2018/TT-NHNN bằng Phụ lục ban hành kèm theo Thông tư này. Chương IV SỬA ĐỔI, BỔ SUNG MỘT SỐ ĐIỀU CỦA THÔNG TƯ SỐ 62/202"
62/2024/TT-NHNN,69/2025/TT-NHNN,THAY_THE_BOI,rule,1.0,"Thay thế Phụ lục ban hành kèm theo Thông tư 53/2018/TT-NHNN Thay thế Phụ lục ban hành kèm theo Thông tư 53/2018/TT-NHNN bằng Phụ lục ban hành kèm theo Thông tư này. Chương IV SỬA ĐỔI, BỔ SUNG MỘT SỐ ĐIỀU CỦA THÔNG TƯ SỐ 62/2024/TT-NHNN CỦA THỐNG ĐỐC"
69/2025/TT-NHNN,62/2024/TT-NHNN,SUA_DOI_BO_SUNG,rule,1.0,"SỬA ĐỔI, BỔ SUNG MỘT SỐ ĐIỀU CỦA THÔNG TƯ SỐ 62/2024/TT-NHNN CỦA THỐNG ĐỐC NGÂN HÀNG NHÀ NƯỚC VIỆT NAM QUY ĐỊNH VỀ ĐIỀU KIỆN, HỒ SƠ, THỦ TỤC CHẤP THUẬN VIỆC TỔ CHỨC LẠI NGÂN HÀNG THƯƠNG MẠI, TỔ CHỨC TÍN DỤNG PHI NGÂN HÀNG Điều 26. Bổ sung khoản 9 Điề"
69/2025/TT-NHNN,62/2024/TT-NHNN,THAM_CHIEU,rule,1.0,"THÔNG TƯ SỐ 62/2024/TT-NHNN CỦA THỐNG ĐỐC NGÂN HÀNG NHÀ NƯỚC VIỆT NAM QUY ĐỊNH VỀ ĐIỀU KIỆN, HỒ SƠ, THỦ TỤC CHẤP THUẬN VIỆC TỔ CHỨC LẠI NGÂN HÀNG THƯƠNG MẠI, TỔ CHỨC TÍN DỤNG PHI NGÂN HÀNG Điều 26. Bổ sung khoản 9 Điều 3 “9. Đơn vị đầu mối xử lý hồ s"
69/2025/TT-NHNN,19/2013/TT-NHNN,THAM_CHIEU,rule,1.0,"Thông tư số 19/2013/TT-NHNN của Thống đốc Ngân hàng Nhà nước Việt Nam quy định về việc mua, bán và xử lý nợ xấu của Công ty Quản lý tài sản của các tổ chức tín dụng Việt Nam; b) Khoản 6 Điều 1; cụm từ “các khoản 2, 3, 4 Điều 10” tại khoản 1 Điều 2; c"
69/2025/TT-NHNN,19/2013/TT-NHNN,SUA_DOI_BO_SUNG,rule,1.0,"sửa đổi, bổ sung một số Điều của Thông tư số 19/2013/TT-NHNN của Thống đốc Ngân hàng Nhà nước Việt Nam quy định về việc mua, bán và xử lý nợ xấu của Công ty Quản lý tài sản của các tổ chức tín dụng Việt Nam; c) Cụm từ “điểm b khoản 3 Điều 10” tại điể"
69/2025/TT-NHNN,27/2022/TT-NHNN,THAM_CHIEU,rule,1.0,"Thông tư số 27/2022/TT-NHNN của Thống đốc Ngân hàng Nhà nước Việt Nam sửa đổi, bổ sung một số điều của các Thông tư quy định về phân cấp giải quyết thủ tục hành chính trong lĩnh vực thành lập và hoạt động ngân hàng; d) Khoản 7, khoản 9, khoản 14, điể"
69/2025/TT-NHNN,30/2024/TT-NHNN,SUA_DOI_BO_SUNG,rule,1.0,"sửa đổi, bổ sung một số điều của các Thông tư quy định về phân cấp giải quyết thủ tục hành chính trong lĩnh vực thành lập và hoạt động ngân hàng; d) Khoản 7, khoản 9, khoản 14, điểm c khoản 15 Điều 1 Thông tư 30/2024/TT-NHNN của Thống đốc Ngân hàng N"
105/2016/TT-BTC,28/2005/PL-UBTVQH,THAM_CHIEU,rule,1.0,"Căn cứ Luật Kinh doanh bảo hiểm ngày 09 tháng 12 năm 2000; Căn cứ Luật sửa đổi, bổ sung một số điều của Luật Kinh doanh bảo hiểm ngày 24 tháng 11 năm 2010; Căn cứ Pháp lệnh Ngoại hối số 28/2005/PL-UBTVQH ngày 13 tháng 12 năm 2005; Căn cứ Pháp lệnh số"
105/2016/TT-BTC,06/2013/PL-UBTVQH13,THAM_CHIEU,rule,1.0,"Căn cứ Luật sửa đổi, bổ sung một số điều của Luật Kinh doanh bảo hiểm ngày 24 tháng 11 năm 2010; Căn cứ Pháp lệnh Ngoại hối số 28/2005/PL-UBTVQH ngày 13 tháng 12 năm 2005; Căn cứ Pháp lệnh số 06/2013/PL-UBTVQH13 ngày 18 tháng 03 năm 2013 sửa đổi, bổ"
105/2016/TT-BTC,28/2005/PL-UBTVQH,SUA_DOI_BO_SUNG,rule,1.0,"sửa đổi, bổ sung một số điều của Luật Kinh doanh bảo hiểm ngày 24 tháng 11 năm 2010; Căn cứ Pháp lệnh Ngoại hối số 28/2005/PL-UBTVQH ngày 13 tháng 12 năm 2005; Căn cứ Pháp lệnh số 06/2013/PL-UBTVQH13 ngày 18 tháng 03 năm 2013 sửa đổi, bổ sung một số"
105/2016/TT-BTC,06/2013/PL-UBTVQH13,SUA_DOI_BO_SUNG,rule,1.0,"sửa đổi, bổ sung một số điều của Luật Kinh doanh bảo hiểm ngày 24 tháng 11 năm 2010; Căn cứ Pháp lệnh Ngoại hối số 28/2005/PL-UBTVQH ngày 13 tháng 12 năm 2005; Căn cứ Pháp lệnh số 06/2013/PL-UBTVQH13 ngày 18 tháng 03 năm 2013 sửa đổi, bổ sung một số"
105/2016/TT-BTC,215/2013/NĐ-CP,THAM_CHIEU,rule,1.0,"Căn cứ Pháp lệnh Ngoại hối số 28/2005/PL-UBTVQH ngày 13 tháng 12 năm 2005; Căn cứ Pháp lệnh số 06/2013/PL-UBTVQH13 ngày 18 tháng 03 năm 2013 sửa đổi, bổ sung một số điều của Pháp lệnh Ngoại hối; Căn cứ Nghị định số 215/2013/NĐ-CP ngày 23 tháng 12 năm"
105/2016/TT-BTC,215/2013/NĐ-CP,SUA_DOI_BO_SUNG,rule,1.0,"sửa đổi, bổ sung một số điều của Pháp lệnh Ngoại hối; Căn cứ Nghị định số 215/2013/NĐ-CP ngày 23 tháng 12 năm 2013 của Chính phủ quy định chức năng, nhiệm vụ, quyền hạn và cơ cấu tổ chức của Bộ Tài chính; Căn cứ Nghị định số 135/2015/NĐ-CP ngày 31 th"
105/2016/TT-BTC,135/2015/NĐ-CP,SUA_DOI_BO_SUNG,rule,1.0,"sửa đổi, bổ sung một số điều của Pháp lệnh Ngoại hối; Căn cứ Nghị định số 215/2013/NĐ-CP ngày 23 tháng 12 năm 2013 của Chính phủ quy định chức năng, nhiệm vụ, quyền hạn và cơ cấu tổ chức của Bộ Tài chính; Căn cứ Nghị định số 135/2015/NĐ-CP ngày 31 th"
105/2016/TT-BTC,135/2015/NĐ-CP,THAM_CHIEU,rule,1.0,"Căn cứ Nghị định số 215/2013/NĐ-CP ngày 23 tháng 12 năm 2013 của Chính phủ quy định chức năng, nhiệm vụ, quyền hạn và cơ cấu tổ chức của Bộ Tài chính; Căn cứ Nghị định số 135/2015/NĐ-CP ngày 31 tháng 12 năm 2015 của Chính phủ quy định về đầu tư gián"
105/2016/TT-BTC,31/12/2015,THAM_CHIEU,rule,1.0,"Nghị định số 135/2015/NĐ-CP ngày 31/12/2015 của Chính phủ quy định về đầu tư gián tiếp ra nước ngoài (sau đây gọi là Nghị định số 135/2015/NĐ-CP ), trong Thông tư này, các từ ngữ dưới đây được hiểu như sau: 1. Tổ chức kinh doanh chứng khoán bao gồm c"
105/2016/TT-BTC,15/8/2016,SUA_DOI_BO_SUNG,rule,1.0,"sửa đổi, bổ sung cho cơ quan quản lý nhà nước có thẩm quyền. Chương VI TỔ CHỨC THỰC HIỆN Điều 20. Điều khoản thi hành Thông tư này có hiệu lực thi hành kể từ ngày 15/8/2016. Điều 21. Tổ chức thực hiện 1. Bộ Tài chính, Ủy ban Chứng khoán Nhà nước, các"
62/2024/TT-NHNN,102/2022/NĐ-CP,THAM_CHIEU,rule,1.0,Căn cứ Luật Các tổ chức tín dụng ngày 18 tháng 01 năm 2024; Căn cứ Luật Doanh nghiệp ngày 17 tháng 06 năm 2020; Căn cứ Luật Cạnh tranh ngày 12 tháng 6 năm 2018; Căn cứ Nghị định số 102/2022/NĐ-CP ngày 12 tháng 12 năm 2022 của Chính phủ quy định chức
62/2024/TT-NHNN,36/2015/TT-NHNN,THAM_CHIEU,rule,1.0,"Thông tư số 36/2015/TT-NHNN ngày 31 tháng 12 năm 2015 của Thống đốc Ngân hàng Nhà nước Việt Nam quy định việc tổ chức lại tổ chức tín dụng hết hiệu lực thi hành. 3. Kể từ ngày Ngân hàng Nhà nước sửa đổi, bổ sung Giấy phép thành lập và hoạt động của t"
62/2025/TT-NHNN,46/2010/QH12,THAM_CHIEU,rule,1.0,"Căn cứ Luật Ngân hàng Nhà nước Việt Nam số 46/2010/QH12; Căn cứ Luật Các tổ chức tín dụng số 32/2024/QH15 được sửa đổi, bổ sung bởi Luật số 96/2025/QH15; Căn cứ Nghị định số 26/2025/NĐ-CP của Chính phủ quy định chức năng, nhiệm vụ, quyền hạn và cơ cấ"
62/2025/TT-NHNN,32/2024/QH15,THAM_CHIEU,rule,1.0,"Căn cứ Luật Ngân hàng Nhà nước Việt Nam số 46/2010/QH12; Căn cứ Luật Các tổ chức tín dụng số 32/2024/QH15 được sửa đổi, bổ sung bởi Luật số 96/2025/QH15; Căn cứ Nghị định số 26/2025/NĐ-CP của Chính phủ quy định chức năng, nhiệm vụ, quyền hạn và cơ cấ"
62/2025/TT-NHNN,96/2025/QH15,THAM_CHIEU,rule,1.0,"Căn cứ Luật Ngân hàng Nhà nước Việt Nam số 46/2010/QH12; Căn cứ Luật Các tổ chức tín dụng số 32/2024/QH15 được sửa đổi, bổ sung bởi Luật số 96/2025/QH15; Căn cứ Nghị định số 26/2025/NĐ-CP của Chính phủ quy định chức năng, nhiệm vụ, quyền hạn và cơ cấ"
62/2025/TT-NHNN,26/2025/NĐ-CP,THAM_CHIEU,rule,1.0,"Căn cứ Luật Ngân hàng Nhà nước Việt Nam số 46/2010/QH12; Căn cứ Luật Các tổ chức tín dụng số 32/2024/QH15 được sửa đổi, bổ sung bởi Luật số 96/2025/QH15; Căn cứ Nghị định số 26/2025/NĐ-CP của Chính phủ quy định chức năng, nhiệm vụ, quyền hạn và cơ cấ"
62/2025/TT-NHNN,96/2025/QH15,SUA_DOI_BO_SUNG,rule,1.0,"sửa đổi, bổ sung bởi Luật số 96/2025/QH15; Căn cứ Nghị định số 26/2025/NĐ-CP của Chính phủ quy định chức năng, nhiệm vụ, quyền hạn và cơ cấu tổ chức của Ngân hàng Nhà nước Việt Nam; Theo đề nghị của Cục trưởng Cục An toàn hệ thống các tổ chức tín dụn"
62/2025/TT-NHNN,26/2025/NĐ-CP,SUA_DOI_BO_SUNG,rule,1.0,"sửa đổi, bổ sung bởi Luật số 96/2025/QH15; Căn cứ Nghị định số 26/2025/NĐ-CP của Chính phủ quy định chức năng, nhiệm vụ, quyền hạn và cơ cấu tổ chức của Ngân hàng Nhà nước Việt Nam; Theo đề nghị của Cục trưởng Cục An toàn hệ thống các tổ chức tín dụn"
62/2025/TT-NHNN,44/2011/TT-NHNN,THAM_CHIEU,rule,1.0,"bãi bỏ Thông tư số 44/2011/TT-NHNN ngày 29 tháng 12 năm 2011 của Thống đốc Ngân hàng Nhà nước Việt Nam quy định về hệ thống kiểm soát nội bộ và kiểm toán nội bộ của tổ chức tín dụng, chi nhánh ngân hàng nước ngoài. Điều 57. Trách nhiệm tổ chức thực h"
52/VBHN-NHNN,56/2024/TT-NHNN,THAM_CHIEU,rule,1.0,"Thông tư số 56/2024/TT-NHNN ngày 24 tháng 12 năm 2024 của Thống đốc Ngân hàng Nhà nước Việt Nam quy định hồ sơ, thủ tục cấp Giấy phép lần đầu của ngân hàng thương mại, chi nhánh ngân hàng nước ngoài, văn phòng đại diện nước ngoài, có hiệu lực kể từ n"
52/VBHN-NHNN,12/2025/TT-NHNN,SUA_DOI_BO_SUNG,rule,1.0,"sửa đổi, bổ sung bởi: 1. Thông tư số 12/2025/TT-NHNN ngày 30 tháng 6 năm 2025 của Thống đốc Ngân hàng Nhà nước Việt Nam sửa đổi, bổ sung một số điều của các Thông tư quy định hồ sơ, thủ tục cấp Giấy phép lần đầu của ngân hàng thương mại, chi nhánh ng"
52/VBHN-NHNN,12/2025/TT-NHNN,THAM_CHIEU,rule,1.0,"Thông tư số 12/2025/TT-NHNN ngày 30 tháng 6 năm 2025 của Thống đốc Ngân hàng Nhà nước Việt Nam sửa đổi, bổ sung một số điều của các Thông tư quy định hồ sơ, thủ tục cấp Giấy phép lần đầu của ngân hàng thương mại, chi nhánh ngân hàng nước ngoài, văn p"
52/VBHN-NHNN,11/2026/TT-NHNN,THAM_CHIEU,rule,1.0,"Thông tư số 11/2026/TT-NHNN ngày 19 tháng 5 năm 2026 của Thống đốc Ngân hàng Nhà nước Việt Nam phân cấp thực hiện thủ tục hành chính trong lĩnh vực thông tin tín dụng và sửa đổi, bổ sung một số điều của các Thông tư liên quan đến cắt giảm, đơn giản h"
52/VBHN-NHNN,102/2022/NĐ-CP,THAM_CHIEU,rule,1.0,"Căn cứ Luật Ngân hàng Nhà nước Việt Nam ngày 16 tháng 6 năm 2010; Căn cứ Luật Các tổ chức tín dụng ngày 18 tháng 01 năm 2024; Căn cứ Nghị định số 102/2022/NĐ-CP ngày 12 tháng 12 năm 2022 của Chính phủ quy định chức năng, nhiệm vụ, quyền hạn và cơ cấu"
52/VBHN-NHNN,162/2024/NĐ-CP,THAM_CHIEU,rule,1.0,"Căn cứ Nghị định số 162/2024/NĐ-CP ngày 20 tháng 12 năm 2024 của Chính phủ quy định điều kiện cấp Giấy phép đối với quỹ tín dụng nhân dân, tổ chức tài chính vi mô và điều kiện đối với chủ sở hữu của tổ chức tín dụng là công ty trách nhiệm hữu hạn một"
63/2025/TT-NHNN,46/2010/QH12,SUA_DOI_BO_SUNG,rule,1.0,"Sửa đổi, bổ sung một số điều của một số Thông tư về quỹ tín dụng nhân dân Căn cứ Luật Ngân hàng Nhà nước Việt Nam số 46/2010/QH12; Căn cứ Luật Các tổ chức tín dụng số 32/2024/QH15 được sửa đổi, bổ sung bởi Luật số 96/2025/QH15; Căn cứ Luật Hợp tác xã"
63/2025/TT-NHNN,32/2024/QH15,SUA_DOI_BO_SUNG,rule,1.0,"Sửa đổi, bổ sung một số điều của một số Thông tư về quỹ tín dụng nhân dân Căn cứ Luật Ngân hàng Nhà nước Việt Nam số 46/2010/QH12; Căn cứ Luật Các tổ chức tín dụng số 32/2024/QH15 được sửa đổi, bổ sung bởi Luật số 96/2025/QH15; Căn cứ Luật Hợp tác xã"
63/2025/TT-NHNN,96/2025/QH15,SUA_DOI_BO_SUNG,rule,1.0,"Sửa đổi, bổ sung một số điều của một số Thông tư về quỹ tín dụng nhân dân Căn cứ Luật Ngân hàng Nhà nước Việt Nam số 46/2010/QH12; Căn cứ Luật Các tổ chức tín dụng số 32/2024/QH15 được sửa đổi, bổ sung bởi Luật số 96/2025/QH15; Căn cứ Luật Hợp tác xã"
63/2025/TT-NHNN,46/2010/QH12,THAM_CHIEU,rule,1.0,"Căn cứ Luật Ngân hàng Nhà nước Việt Nam số 46/2010/QH12; Căn cứ Luật Các tổ chức tín dụng số 32/2024/QH15 được sửa đổi, bổ sung bởi Luật số 96/2025/QH15; Căn cứ Luật Hợp tác xã số 17/2023/QH15; Căn cứ Nghị định số 26/2025/NĐ-CP của Chính phủ quy định"
63/2025/TT-NHNN,32/2024/QH15,THAM_CHIEU,rule,1.0,"Căn cứ Luật Ngân hàng Nhà nước Việt Nam số 46/2010/QH12; Căn cứ Luật Các tổ chức tín dụng số 32/2024/QH15 được sửa đổi, bổ sung bởi Luật số 96/2025/QH15; Căn cứ Luật Hợp tác xã số 17/2023/QH15; Căn cứ Nghị định số 26/2025/NĐ-CP của Chính phủ quy định"
63/2025/TT-NHNN,96/2025/QH15,THAM_CHIEU,rule,1.0,"Căn cứ Luật Ngân hàng Nhà nước Việt Nam số 46/2010/QH12; Căn cứ Luật Các tổ chức tín dụng số 32/2024/QH15 được sửa đổi, bổ sung bởi Luật số 96/2025/QH15; Căn cứ Luật Hợp tác xã số 17/2023/QH15; Căn cứ Nghị định số 26/2025/NĐ-CP của Chính phủ quy định"
63/2025/TT-NHNN,17/2023/QH15,THAM_CHIEU,rule,1.0,"Căn cứ Luật Ngân hàng Nhà nước Việt Nam số 46/2010/QH12; Căn cứ Luật Các tổ chức tín dụng số 32/2024/QH15 được sửa đổi, bổ sung bởi Luật số 96/2025/QH15; Căn cứ Luật Hợp tác xã số 17/2023/QH15; Căn cứ Nghị định số 26/2025/NĐ-CP của Chính phủ quy định"
63/2025/TT-NHNN,26/2025/NĐ-CP,THAM_CHIEU,rule,1.0,"Căn cứ Luật Ngân hàng Nhà nước Việt Nam số 46/2010/QH12; Căn cứ Luật Các tổ chức tín dụng số 32/2024/QH15 được sửa đổi, bổ sung bởi Luật số 96/2025/QH15; Căn cứ Luật Hợp tác xã số 17/2023/QH15; Căn cứ Nghị định số 26/2025/NĐ-CP của Chính phủ quy định"
63/2025/TT-NHNN,17/2023/QH15,SUA_DOI_BO_SUNG,rule,1.0,"sửa đổi, bổ sung bởi Luật số 96/2025/QH15; Căn cứ Luật Hợp tác xã số 17/2023/QH15; Căn cứ Nghị định số 26/2025/NĐ-CP của Chính phủ quy định chức năng, nhiệm vụ, quyền hạn và cơ cấu tổ chức của Ngân hàng Nhà nước Việt Nam; Theo đề nghị của Cục trưởng"
63/2025/TT-NHNN,26/2025/NĐ-CP,SUA_DOI_BO_SUNG,rule,1.0,"sửa đổi, bổ sung bởi Luật số 96/2025/QH15; Căn cứ Luật Hợp tác xã số 17/2023/QH15; Căn cứ Nghị định số 26/2025/NĐ-CP của Chính phủ quy định chức năng, nhiệm vụ, quyền hạn và cơ cấu tổ chức của Ngân hàng Nhà nước Việt Nam; Theo đề nghị của Cục trưởng"
63/2025/TT-NHNN,29/2024/TT-NHNN,SUA_DOI_BO_SUNG,rule,1.0,"sửa đổi, bổ sung một số điều của một số Thông tư về quỹ tín dụng nhân dân. Chương I SỬA ĐỔI, BỔ SUNG MỘT SỐ ĐIỀU CỦA THÔNG TƯ SỐ 29/2024/TT-NHNN QUY ĐỊNH VỀ QUỸ TÍN DỤNG NHÂN DÂN Điều 1. Sửa đổi, bổ sung điểm d khoản 2 Điều 25 “d) Định kỳ hằng quý, n"
63/2025/TT-NHNN,29/2024/TT-NHNN,THAM_CHIEU,rule,1.0,"THÔNG TƯ SỐ 29/2024/TT-NHNN QUY ĐỊNH VỀ QUỸ TÍN DỤNG NHÂN DÂN Điều 1. Sửa đổi, bổ sung điểm d khoản 2 Điều 25 “d) Định kỳ hằng quý, nộp lại sổ tiết kiệm trắng không sử dụng được cho ngân hàng hợp tác xã và mở sổ theo dõi;”. Điều 2. Sửa đổi, bổ sung m"
63/2025/TT-NHNN,01/2025/TT-NHNN,SUA_DOI_BO_SUNG,rule,1.0,"SỬA ĐỔI, BỔ SUNG MỘT SỐ ĐIỀU CỦA THÔNG TƯ SỐ 01/2025/TT-NHNN QUY ĐỊNH VỀ CẤP GIẤY PHÉP LẦN ĐẦU, CẤP ĐỔI GIẤY PHÉP CỦA QUỸ TÍN DỤNG NHÂN DÂN Điều 3. Sửa đổi, bổ sung Điều 5 1. Sửa đổi tên Điều 5 như sau: “ Điều 5. Nguyên tắc lập, gửi, tiếp nhận hồ sơ"
63/2025/TT-NHNN,01/2025/TT-NHNN,THAM_CHIEU,rule,1.0,"THÔNG TƯ SỐ 01/2025/TT-NHNN QUY ĐỊNH VỀ CẤP GIẤY PHÉP LẦN ĐẦU, CẤP ĐỔI GIẤY PHÉP CỦA QUỸ TÍN DỤNG NHÂN DÂN Điều 3. Sửa đổi, bổ sung Điều 5 1. Sửa đổi tên Điều 5 như sau: “ Điều 5. Nguyên tắc lập, gửi, tiếp nhận hồ sơ và trả kết quả ” . 2. Sửa đổi, bổ"
63/2025/TT-NHNN,10/2025/TT-NHNN,THAM_CHIEU,rule,1.0,"Thông tư số 01/2025/TT-NHNN. Chương III SỬA ĐỔI, BỔ SUNG MỘT SỐ ĐIỀU CỦA THÔNG TƯ SỐ 10/2025/TT-NHNN QUY ĐỊNH VỀ TỔ CHỨC LẠI, THU HỒI GIẤY PHÉP VÀ THANH LÝ TÀI SẢN CỦA QUỸ TÍN DỤNG NHÂN DÂN Điều 8. Bổ sung khoản 4 vào Điều 7 “4. Số lượng phòng giao d"
63/2025/TT-NHNN,10/2025/TT-NHNN,SUA_DOI_BO_SUNG,rule,1.0,"SỬA ĐỔI, BỔ SUNG MỘT SỐ ĐIỀU CỦA THÔNG TƯ SỐ 10/2025/TT-NHNN QUY ĐỊNH VỀ TỔ CHỨC LẠI, THU HỒI GIẤY PHÉP VÀ THANH LÝ TÀI SẢN CỦA QUỸ TÍN DỤNG NHÂN DÂN Điều 8. Bổ sung khoản 4 vào Điều 7 “4. Số lượng phòng giao dịch của quỹ tín dụng nhân dân sau khi tổ"
63/2025/TT-NHNN,08/2025/TT-NHNN,THAM_CHIEU,rule,1.0,"bãi bỏ quy định tại khoản 1 Điều 2 Thông tư số 08/2025/TT-NHNN ngày 06 tháng 6 năm 2025 của Thống đốc Ngân hàng Nhà nước Việt Nam sửa đổi, bổ sung một số điều của Thông tư số 43/2015/TT-NHNN ngày 31 tháng 12 năm 2015 của Thống đốc Ngân hàng Nhà nước"
63/2025/TT-NHNN,43/2015/TT-NHNN,THAM_CHIEU,rule,1.0,"bãi bỏ quy định tại khoản 1 Điều 2 Thông tư số 08/2025/TT-NHNN ngày 06 tháng 6 năm 2025 của Thống đốc Ngân hàng Nhà nước Việt Nam sửa đổi, bổ sung một số điều của Thông tư số 43/2015/TT-NHNN ngày 31 tháng 12 năm 2015 của Thống đốc Ngân hàng Nhà nước"
63/2025/TT-NHNN,43/2015/TT-NHNN,SUA_DOI_BO_SUNG,rule,1.0,"sửa đổi, bổ sung một số điều của Thông tư số 43/2015/TT-NHNN ngày 31 tháng 12 năm 2015 của Thống đốc Ngân hàng Nhà nước Việt Nam quy định về tổ chức và hoạt động của phòng giao dịch bưu điện trực thuộc Ngân hàng thương mại cổ phần Bưu điện Liên Việt,"
63/2025/TT-NHNN,32/2024/TT-NHNN,THAM_CHIEU,rule,1.0,Thông tư số 29/2024/TT-NHNN ngày 28 tháng 6 năm 2024 của Thống đốc Ngân hàng Nhà nước Việt Nam quy định về quỹ tín dụng nhân dân và Thông tư số 32/2024/TT-NHNN ngày 30 tháng 6 năm 2024 của Thống đốc Ngân hàng Nhà nước Việt Nam quy định về mạng lưới h
41/2016/TT-NHNN,46/2010/QH12,THAM_CHIEU,rule,1.0,Căn cứ Luật Ngân hàng Nhà nước Việt Nam số 46/2010/QH12 ngày 16 tháng 6 năm 2010; Căn cứ Luật các tổ chức tín dụng số 47/2010/QH12 ngày 16 tháng 6 năm 2010; Căn cứ Nghị định số 156/2013/NĐ-CP ngày 11 tháng 11 năm 2013 của Chính phủ quy định chức năng
41/2016/TT-NHNN,47/2010/QH12,THAM_CHIEU,rule,1.0,Căn cứ Luật Ngân hàng Nhà nước Việt Nam số 46/2010/QH12 ngày 16 tháng 6 năm 2010; Căn cứ Luật các tổ chức tín dụng số 47/2010/QH12 ngày 16 tháng 6 năm 2010; Căn cứ Nghị định số 156/2013/NĐ-CP ngày 11 tháng 11 năm 2013 của Chính phủ quy định chức năng
41/2016/TT-NHNN,156/2013/NĐ-CP,THAM_CHIEU,rule,1.0,Căn cứ Luật Ngân hàng Nhà nước Việt Nam số 46/2010/QH12 ngày 16 tháng 6 năm 2010; Căn cứ Luật các tổ chức tín dụng số 47/2010/QH12 ngày 16 tháng 6 năm 2010; Căn cứ Nghị định số 156/2013/NĐ-CP ngày 11 tháng 11 năm 2013 của Chính phủ quy định chức năng
01/2014/TT-NHNN,46/2010/QH12,THAM_CHIEU,rule,1.0,Căn cứ Luật Ngân hàng Nhà nước Việt Nam số 46/2010/QH12 ngày 16 tháng 6 năm 2010; Căn cứ Luật Các tổ chức tín dụng số 47/2010/QH12 ngày 16 tháng 6 năm 2010; Căn cứ Nghị định số 156/2013/NĐ-CP ngày 11 tháng 11 năm 2013 của Chính phủ quy định chức năng
01/2014/TT-NHNN,47/2010/QH12,THAM_CHIEU,rule,1.0,Căn cứ Luật Ngân hàng Nhà nước Việt Nam số 46/2010/QH12 ngày 16 tháng 6 năm 2010; Căn cứ Luật Các tổ chức tín dụng số 47/2010/QH12 ngày 16 tháng 6 năm 2010; Căn cứ Nghị định số 156/2013/NĐ-CP ngày 11 tháng 11 năm 2013 của Chính phủ quy định chức năng
01/2014/TT-NHNN,156/2013/NĐ-CP,THAM_CHIEU,rule,1.0,Căn cứ Luật Ngân hàng Nhà nước Việt Nam số 46/2010/QH12 ngày 16 tháng 6 năm 2010; Căn cứ Luật Các tổ chức tín dụng số 47/2010/QH12 ngày 16 tháng 6 năm 2010; Căn cứ Nghị định số 156/2013/NĐ-CP ngày 11 tháng 11 năm 2013 của Chính phủ quy định chức năng
01/2014/TT-NHNN,40/2012/NĐ-CP,THAM_CHIEU,rule,1.0,"Căn cứ Nghị định số 156/2013/NĐ-CP ngày 11 tháng 11 năm 2013 của Chính phủ quy định chức năng, nhiệm vụ, quyền hạn và cơ cấu tổ chức của Ngân hàng Nhà nước Việt Nam; Căn cứ Nghị định số 40/2012/NĐ-CP ngày 02 tháng 5 năm 2012 của Chính phủ về nghiệp v"
01/2014/TT-NHNN,60/2006/QĐ-NHNN,SUA_DOI_BO_SUNG,rule,1.0,"sửa đổi, bổ sung một số Điều của Chế độ giao nhận, bảo quản, vận chuyển tiền mặt, tài sản quý, giấy tờ có giá ban hành theo Quyết định số 60/2006/QĐ-NHNN; c) Thông tư số 21/2011/TT-NHNN ngày 30/8/2011 sửa đổi, bổ sung Khoản 5 Điều 3 Chế độ giao nhận,"
01/2014/TT-NHNN,21/2011/TT-NHNN,SUA_DOI_BO_SUNG,rule,1.0,"sửa đổi, bổ sung một số Điều của Chế độ giao nhận, bảo quản, vận chuyển tiền mặt, tài sản quý, giấy tờ có giá ban hành theo Quyết định số 60/2006/QĐ-NHNN; c) Thông tư số 21/2011/TT-NHNN ngày 30/8/2011 sửa đổi, bổ sung Khoản 5 Điều 3 Chế độ giao nhận,"
01/2014/TT-NHNN,30/8/2011,SUA_DOI_BO_SUNG,rule,1.0,"sửa đổi, bổ sung một số Điều của Chế độ giao nhận, bảo quản, vận chuyển tiền mặt, tài sản quý, giấy tờ có giá ban hành theo Quyết định số 60/2006/QĐ-NHNN; c) Thông tư số 21/2011/TT-NHNN ngày 30/8/2011 sửa đổi, bổ sung Khoản 5 Điều 3 Chế độ giao nhận,"
01/2014/TT-NHNN,21/2011/TT-NHNN,THAM_CHIEU,rule,1.0,"Thông tư số 21/2011/TT-NHNN ngày 30/8/2011 sửa đổi, bổ sung Khoản 5 Điều 3 Chế độ giao nhận, bảo quản, vận chuyển tiền mặt, tài sản quý, giấy tờ có giá ban hành theo Quyết định số 60/2006/QĐ-NHNN. Điều 73. Trách nhiệm tổ chức thi hành Chánh Văn phòng"
01/2014/TT-NHNN,30/8/2011,THAM_CHIEU,rule,1.0,"Thông tư số 21/2011/TT-NHNN ngày 30/8/2011 sửa đổi, bổ sung Khoản 5 Điều 3 Chế độ giao nhận, bảo quản, vận chuyển tiền mặt, tài sản quý, giấy tờ có giá ban hành theo Quyết định số 60/2006/QĐ-NHNN. Điều 73. Trách nhiệm tổ chức thi hành Chánh Văn phòng"
01/2014/TT-NHNN,60/2006/QĐ-NHNN,THAM_CHIEU,rule,1.0,"Thông tư số 21/2011/TT-NHNN ngày 30/8/2011 sửa đổi, bổ sung Khoản 5 Điều 3 Chế độ giao nhận, bảo quản, vận chuyển tiền mặt, tài sản quý, giấy tờ có giá ban hành theo Quyết định số 60/2006/QĐ-NHNN. Điều 73. Trách nhiệm tổ chức thi hành Chánh Văn phòng"
46/2010/QH12,51/2001/QH10,THAM_CHIEU,rule,1.0,"Căn cứ Hiến pháp nước Cộng hoà xã hội chủ nghĩa Việt Nam năm 1992 đã được sửa đổi, bổ sung một số điều theo Nghị quyết số 51/2001/QH10; Quốc hội ban hành Luật Ngân hàng Nhà nước Việt Nam. Chương I NHỮNG QUY ĐỊNH CHUNG Điều 1. Phạm vi điều chỉnh Luật"
46/2010/QH12,51/2001/QH10,SUA_DOI_BO_SUNG,rule,1.0,"sửa đổi, bổ sung một số điều theo Nghị quyết số 51/2001/QH10; Quốc hội ban hành Luật Ngân hàng Nhà nước Việt Nam. Chương I NHỮNG QUY ĐỊNH CHUNG Điều 1. Phạm vi điều chỉnh Luật này quy định về tổ chức và hoạt động của Ngân hàng Nhà nước Việt Nam. Điều"
46/2010/QH12,10/2003/QH11,SUA_DOI_BO_SUNG,rule,1.0,"sửa đổi, bổ sung một số điều của Luật Ngân hàng Nhà nước Việt Nam số 10/2003/QH11 hết hiệu lực kể từ ngày Luật này có hiệu lực. Điều 66. Quy định chi tiết và hướng dẫn thi hành Chính phủ quy định chi tiết và hướng dẫn thi hành các điều, khoản được gi"
